title,rank,rating,director,year,main_cast,url,img
The Shawshank Redemption,1,9.2,Frank Darabont,1994,"Tim Robbins, Morgan Freeman",/title/tt0111161/,"https://m.media-amazon.com/images/M/MV5BMDFkYTc0MGEtZmNhMC00ZDIzLWFmNTEtODM1ZmRlYWMwMWFmXkEyXkFqcGdeQXVyMTMxODk2OTU@._V1_UY67_CR0,0,45,67_AL_.jpg"
The Godfather,2,9.2,Francis Ford Coppola,1972,"Marlon Brando, Al Pacino",/title/tt0068646/,"https://m.media-amazon.com/images/M/MV5BM2MyNjYxNmUtYTAwNi00MTYxLWJmNWYtYzZlODY3ZTk3OTFlXkEyXkFqcGdeQXVyNzkwMjQ5NzM@._V1_UY67_CR1,0,45,67_AL_.jpg"
The Godfather: Part II,3,9.0,Francis Ford Coppola,1974,"Al Pacino, Robert De Niro",/title/tt0071562/,"https://m.media-amazon.com/images/M/MV5BMWMwMGQzZTItY2JlNC00OWZiLWIyMDctNDk2ZDQ2YjRjMWQ0XkEyXkFqcGdeQXVyNzkwMjQ5NzM@._V1_UY67_CR1,0,45,67_AL_.jpg"
The Dark Knight,4,9.0,Christopher Nolan,2008,"Christian Bale, Heath Ledger",/title/tt0468569/,"https://m.media-amazon.com/images/M/MV5BMTMxNTMwODM0NF5BMl5BanBnXkFtZTcwODAyMTk2Mw@@._V1_UY67_CR0,0,45,67_AL_.jpg"
12 Angry Men,5,8.9,Sidney Lumet,1957,"Henry Fonda, Lee J. Cobb",/title/tt0050083/,"https://m.media-amazon.com/images/M/MV5BMWU4N2FjNzYtNTVkNC00NzQ0LTg0MjAtYTJlMjFhNGUxZDFmXkEyXkFqcGdeQXVyNjc1NTYyMjg@._V1_UX45_CR0,0,45,67_AL_.jpg"
Schindler's List,6,8.9,Steven Spielberg,1993,"Liam Neeson, Ralph Fiennes",/title/tt0108052/,"https://m.media-amazon.com/images/M/MV5BNDE4OTMxMTctNmRhYy00NWE2LTg3YzItYTk3M2UwOTU5Njg4XkEyXkFqcGdeQXVyNjU0OTQ0OTY@._V1_UX45_CR0,0,45,67_AL_.jpg"
The Lord of the Rings: The Return of the King,7,8.9,Peter Jackson,2003,"Elijah Wood, Viggo Mortensen",/title/tt0167260/,"https://m.media-amazon.com/images/M/MV5BNzA5ZDNlZWMtM2NhNS00NDJjLTk4NDItYTRmY2EwMWZlMTY3XkEyXkFqcGdeQXVyNzkwMjQ5NzM@._V1_UY67_CR0,0,45,67_AL_.jpg"
Pulp Fiction,8,8.9,Quentin Tarantino,1994,"John Travolta, Uma Thurman",/title/tt0110912/,"https://m.media-amazon.com/images/M/MV5BNGNhMDIzZTUtNTBlZi00MTRlLWFjM2ItYzViMjE3YzI5MjljXkEyXkFqcGdeQXVyNzkwMjQ5NzM@._V1_UY67_CR0,0,45,67_AL_.jpg"
"The Good, the Bad and the Ugly",9,8.8,Sergio Leone,1966,"Clint Eastwood, Eli Wallach",/title/tt0060196/,"https://m.media-amazon.com/images/M/MV5BOTQ5NDI3MTI4MF5BMl5BanBnXkFtZTgwNDQ4ODE5MDE@._V1_UX45_CR0,0,45,67_AL_.jpg"
Fight Club,10,8.8,David Fincher,1999,"Brad Pitt, Edward Norton",/title/tt0137523/,"https://m.media-amazon.com/images/M/MV5BMjJmYTNkNmItYjYyZC00MGUxLWJhNWMtZDY4Nzc1MDAwMzU5XkEyXkFqcGdeQXVyNzkwMjQ5NzM@._V1_UY67_CR0,0,45,67_AL_.jpg"
The Lord of the Rings: The Fellowship of the Ring,11,8.8,Peter Jackson,2001,"Elijah Wood, Ian McKellen",/title/tt0120737/,"https://m.media-amazon.com/images/M/MV5BN2EyZjM3NzUtNWUzMi00MTgxLWI0NTctMzY4M2VlOTdjZWRiXkEyXkFqcGdeQXVyNDUzOTQ5MjY@._V1_UY67_CR0,0,45,67_AL_.jpg"
Forrest Gump,12,8.7,Robert Zemeckis,1994,"Tom Hanks, Robin Wright",/title/tt0109830/,"https://m.media-amazon.com/images/M/MV5BNWIwODRlZTUtY2U3ZS00Yzg1LWJhNzYtMmZiYmEyNmU1NjMzXkEyXkFqcGdeQXVyMTQxNzMzNDI@._V1_UY67_CR0,0,45,67_AL_.jpg"
Inception,13,8.7,Christopher Nolan,2010,"Leonardo DiCaprio, Joseph Gordon-Levitt",/title/tt1375666/,"https://m.media-amazon.com/images/M/MV5BMjAxMzY3NjcxNF5BMl5BanBnXkFtZTcwNTI5OTM0Mw@@._V1_UY67_CR0,0,45,67_AL_.jpg"
Star Wars: Episode V - The Empire Strikes Back,14,8.7,Irvin Kershner,1980,"Mark Hamill, Harrison Ford",/title/tt0080684/,"https://m.media-amazon.com/images/M/MV5BYmU1NDRjNDgtMzhiMi00NjZmLTg5NGItZDNiZjU5NTU4OTE0XkEyXkFqcGdeQXVyNzkwMjQ5NzM@._V1_UX45_CR0,0,45,67_AL_.jpg"
The Lord of the Rings: The Two Towers,15,8.7,Peter Jackson,2002,"Elijah Wood, Ian McKellen",/title/tt0167261/,"https://m.media-amazon.com/images/M/MV5BNGE5MzIyNTAtNWFlMC00NDA2LWJiMjItMjc4Yjg1OWM5NzhhXkEyXkFqcGdeQXVyNzkwMjQ5NzM@._V1_UY67_CR0,0,45,67_AL_.jpg"
One Flew Over the Cuckoo's Nest,16,8.7,Milos Forman,1975,"Jack Nicholson, Louise Fletcher",/title/tt0073486/,"https://m.media-amazon.com/images/M/MV5BZjA0OWVhOTAtYWQxNi00YzNhLWI4ZjYtNjFjZTEyYjJlNDVlL2ltYWdlL2ltYWdlXkEyXkFqcGdeQXVyMTQxNzMzNDI@._V1_UY67_CR0,0,45,67_AL_.jpg"
Goodfellas,17,8.7,Martin Scorsese,1990,"Robert De Niro, Ray Liotta",/title/tt0099685/,"https://m.media-amazon.com/images/M/MV5BY2NkZjEzMDgtN2RjYy00YzM1LWI4ZmQtMjIwYjFjNmI3ZGEwXkEyXkFqcGdeQXVyNzkwMjQ5NzM@._V1_UX45_CR0,0,45,67_AL_.jpg"
The Matrix,18,8.6,Lana Wachowski,1999,"Keanu Reeves, Laurence Fishburne",/title/tt0133093/,"https://m.media-amazon.com/images/M/MV5BNzQzOTk3OTAtNDQ0Zi00ZTVkLWI0MTEtMDllZjNkYzNjNTc4L2ltYWdlXkEyXkFqcGdeQXVyNjU0OTQ0OTY@._V1_UX45_CR0,0,45,67_AL_.jpg"
Avengers: Endgame,19,8.6,Anthony Russo,2019,"Robert Downey Jr., Chris Evans",/title/tt4154796/,"https://m.media-amazon.com/images/M/MV5BMTc5MDE2ODcwNV5BMl5BanBnXkFtZTgwMzI2NzQ2NzM@._V1_UY67_CR0,0,45,67_AL_.jpg"
Seven Samurai,20,8.6,Akira Kurosawa,1954,"Toshirô Mifune, Takashi Shimura",/title/tt0047478/,"https://m.media-amazon.com/images/M/MV5BOWE4ZDdhNmMtNzE5ZC00NzExLTlhNGMtY2ZhYjYzODEzODA1XkEyXkFqcGdeQXVyNTAyODkwOQ@@._V1_UY67_CR1,0,45,67_AL_.jpg"
Se7en,21,8.6,David Fincher,1995,"Morgan Freeman, Brad Pitt",/title/tt0114369/,"https://m.media-amazon.com/images/M/MV5BOTUwODM5MTctZjczMi00OTk4LTg3NWUtNmVhMTAzNTNjYjcyXkEyXkFqcGdeQXVyNjU0OTQ0OTY@._V1_UX45_CR0,0,45,67_AL_.jpg"
City of God,22,8.6,Fernando Meirelles,2002,"Alexandre Rodrigues, Leandro Firmino",/title/tt0317248/,"https://m.media-amazon.com/images/M/MV5BMGU5OWEwZDItNmNkMC00NzZmLTk1YTctNzVhZTJjM2NlZTVmXkEyXkFqcGdeQXVyMTMxODk2OTU@._V1_UY67_CR0,0,45,67_AL_.jpg"
Star Wars: Episode IV - A New Hope,23,8.6,George Lucas,1977,"Mark Hamill, Harrison Ford",/title/tt0076759/,"https://m.media-amazon.com/images/M/MV5BNzVlY2MwMjktM2E4OS00Y2Y3LWE3ZjctYzhkZGM3YzA1ZWM2XkEyXkFqcGdeQXVyNzkwMjQ5NzM@._V1_UX45_CR0,0,45,67_AL_.jpg"
The Silence of the Lambs,24,8.6,Jonathan Demme,1991,"Jodie Foster, Anthony Hopkins",/title/tt0102926/,"https://m.media-amazon.com/images/M/MV5BNjNhZTk0ZmEtNjJhMi00YzFlLWE1MmEtYzM1M2ZmMGMwMTU4XkEyXkFqcGdeQXVyNjU0OTQ0OTY@._V1_UY67_CR0,0,45,67_AL_.jpg"
It's a Wonderful Life,25,8.6,Frank Capra,1946,"James Stewart, Donna Reed",/title/tt0038650/,"https://m.media-amazon.com/images/M/MV5BZjc4NDZhZWMtNGEzYS00ZWU2LThlM2ItNTA0YzQ0OTExMTE2XkEyXkFqcGdeQXVyNjUwMzI2NzU@._V1_UY67_CR0,0,45,67_AL_.jpg"
Life Is Beautiful,26,8.6,Roberto Benigni,1997,"Roberto Benigni, Nicoletta Braschi",/title/tt0118799/,"https://m.media-amazon.com/images/M/MV5BYmJmM2Q4NmMtYThmNC00ZjRlLWEyZmItZTIwOTBlZDQ3NTQ1XkEyXkFqcGdeQXVyMTQxNzMzNDI@._V1_UX45_CR0,0,45,67_AL_.jpg"
Spirited Away,27,8.5,Hayao Miyazaki,2001,"Daveigh Chase, Suzanne Pleshette",/title/tt0245429/,"https://m.media-amazon.com/images/M/MV5BNmU5OTQ0OWQtOTY0OS00Yjg4LWE1NDYtNDRhYWMxYWY4OTMwXkEyXkFqcGdeQXVyNjU0OTQ0OTY@._V1_UY67_CR1,0,45,67_AL_.jpg"
Saving Private Ryan,28,8.5,Steven Spielberg,1998,"Tom Hanks, Matt Damon",/title/tt0120815/,"https://m.media-amazon.com/images/M/MV5BZjhkMDM4MWItZTVjOC00ZDRhLThmYTAtM2I5NzBmNmNlMzI1XkEyXkFqcGdeQXVyNDYyMDk5MTU@._V1_UY67_CR0,0,45,67_AL_.jpg"
The Usual Suspects,29,8.5,Bryan Singer,1995,"Kevin Spacey, Gabriel Byrne",/title/tt0114814/,"https://m.media-amazon.com/images/M/MV5BYTViNjMyNmUtNDFkNC00ZDRlLThmMDUtZDU2YWE4NGI2ZjVmXkEyXkFqcGdeQXVyNjU0OTQ0OTY@._V1_UX45_CR0,0,45,67_AL_.jpg"
Léon: The Professional,30,8.5,Luc Besson,1994,"Jean Reno, Gary Oldman",/title/tt0110413/,"https://m.media-amazon.com/images/M/MV5BZDAwYTlhMDEtNTg0OS00NDY2LWJjOWItNWY3YTZkM2UxYzUzXkEyXkFqcGdeQXVyNTA4NzY1MzY@._V1_UY67_CR1,0,45,67_AL_.jpg"
The Green Mile,31,8.5,Frank Darabont,1999,"Tom Hanks, Michael Clarke Duncan",/title/tt0120689/,"https://m.media-amazon.com/images/M/MV5BMTUxMzQyNjA5MF5BMl5BanBnXkFtZTYwOTU2NTY3._V1_UY67_CR0,0,45,67_AL_.jpg"
Interstellar,32,8.5,Christopher Nolan,2014,"Matthew McConaughey, Anne Hathaway",/title/tt0816692/,"https://m.media-amazon.com/images/M/MV5BZjdkOTU3MDktN2IxOS00OGEyLWFmMjktY2FiMmZkNWIyODZiXkEyXkFqcGdeQXVyMTMxODk2OTU@._V1_UY67_CR0,0,45,67_AL_.jpg"
Psycho,33,8.5,Alfred Hitchcock,1960,"Anthony Perkins, Janet Leigh",/title/tt0054215/,"https://m.media-amazon.com/images/M/MV5BNTQwNDM1YzItNDAxZC00NWY2LTk0M2UtNDIwNWI5OGUyNWUxXkEyXkFqcGdeQXVyNzkwMjQ5NzM@._V1_UY67_CR0,0,45,67_AL_.jpg"
American History X,34,8.5,Tony Kaye,1998,"Edward Norton, Edward Furlong",/title/tt0120586/,"https://m.media-amazon.com/images/M/MV5BZjA0MTM4MTQtNzY5MC00NzY3LWI1ZTgtYzcxMjkyMzU4MDZiXkEyXkFqcGdeQXVyNDYyMDk5MTU@._V1_UY67_CR0,0,45,67_AL_.jpg"
City Lights,35,8.5,Charles Chaplin,1931,"Charles Chaplin, Virginia Cherrill",/title/tt0021749/,"https://m.media-amazon.com/images/M/MV5BY2I4MmM1N2EtM2YzOS00OWUzLTkzYzctNDc5NDg2N2IyODJmXkEyXkFqcGdeQXVyNzkwMjQ5NzM@._V1_UX45_CR0,0,45,67_AL_.jpg"
Casablanca,36,8.5,Michael Curtiz,1942,"Humphrey Bogart, Ingrid Bergman",/title/tt0034583/,"https://m.media-amazon.com/images/M/MV5BY2IzZGY2YmEtYzljNS00NTM5LTgwMzUtMzM1NjQ4NGI0OTk0XkEyXkFqcGdeQXVyNDYyMDk5MTU@._V1_UX45_CR0,0,45,67_AL_.jpg"
Once Upon a Time in the West,37,8.5,Sergio Leone,1968,"Henry Fonda, Charles Bronson",/title/tt0064116/,"https://m.media-amazon.com/images/M/MV5BZGI5MjBmYzYtMzJhZi00NGI1LTk3MzItYjBjMzcxM2U3MDdiXkEyXkFqcGdeQXVyNzkwMjQ5NzM@._V1_UX45_CR0,0,45,67_AL_.jpg"
The Pianist,38,8.5,Roman Polanski,2002,"Adrien Brody, Thomas Kretschmann",/title/tt0253474/,"https://m.media-amazon.com/images/M/MV5BOWRiZDIxZjktMTA1NC00MDQ2LWEzMjUtMTliZmY3NjQ3ODJiXkEyXkFqcGdeQXVyNjU0OTQ0OTY@._V1_UY67_CR2,0,45,67_AL_.jpg"
Modern Times,39,8.5,Charles Chaplin,1936,"Charles Chaplin, Paulette Goddard",/title/tt0027977/,"https://m.media-amazon.com/images/M/MV5BYjJiZjMzYzktNjU0NS00OTkxLWEwYzItYzdhYWJjN2QzMTRlL2ltYWdlL2ltYWdlXkEyXkFqcGdeQXVyNjU0OTQ0OTY@._V1_UX45_CR0,0,45,67_AL_.jpg"
The Intouchables,40,8.5,Olivier Nakache,2011,"François Cluzet, Omar Sy",/title/tt1675434/,"https://m.media-amazon.com/images/M/MV5BMTYxNDA3MDQwNl5BMl5BanBnXkFtZTcwNTU4Mzc1Nw@@._V1_UY67_CR0,0,45,67_AL_.jpg"
The Departed,41,8.5,Martin Scorsese,2006,"Leonardo DiCaprio, Matt Damon",/title/tt0407887/,"https://m.media-amazon.com/images/M/MV5BMTI1MTY2OTIxNV5BMl5BanBnXkFtZTYwNjQ4NjY3._V1_UY67_CR0,0,45,67_AL_.jpg"
Back to the Future,42,8.5,Robert Zemeckis,1985,"Michael J. Fox, Christopher Lloyd",/title/tt0088763/,"https://m.media-amazon.com/images/M/MV5BZmU0M2Y1OGUtZjIxNi00ZjBkLTg1MjgtOWIyNThiZWIwYjRiXkEyXkFqcGdeQXVyMTQxNzMzNDI@._V1_UX45_CR0,0,45,67_AL_.jpg"
Terminator 2: Judgment Day,43,8.5,James Cameron,1991,"Arnold Schwarzenegger, Linda Hamilton",/title/tt0103064/,"https://m.media-amazon.com/images/M/MV5BMGU2NzRmZjUtOGUxYS00ZjdjLWEwZWItY2NlM2JhNjkxNTFmXkEyXkFqcGdeQXVyNjU0OTQ0OTY@._V1_UY67_CR0,0,45,67_AL_.jpg"
The Lion King,44,8.5,Roger Allers,1994,"Matthew Broderick, Jeremy Irons",/title/tt0110357/,"https://m.media-amazon.com/images/M/MV5BYTYxNGMyZTYtMjE3MS00MzNjLWFjNmYtMDk3N2FmM2JiM2M1XkEyXkFqcGdeQXVyNjY5NDU4NzI@._V1_UY67_CR0,0,45,67_AL_.jpg"
Whiplash,45,8.5,Damien Chazelle,2014,"Miles Teller, J.K. Simmons",/title/tt2582802/,"https://m.media-amazon.com/images/M/MV5BOTA5NDZlZGUtMjAxOS00YTRkLTkwYmMtYWQ0NWEwZDZiNjEzXkEyXkFqcGdeQXVyMTMxODk2OTU@._V1_UY67_CR0,0,45,67_AL_.jpg"
Rear Window,46,8.5,Alfred Hitchcock,1954,"James Stewart, Grace Kelly",/title/tt0047396/,"https://m.media-amazon.com/images/M/MV5BNGUxYWM3M2MtMGM3Mi00ZmRiLWE0NGQtZjE5ODI2OTJhNTU0XkEyXkFqcGdeQXVyMTQxNzMzNDI@._V1_UY67_CR0,0,45,67_AL_.jpg"
Gladiator,47,8.5,Ridley Scott,2000,"Russell Crowe, Joaquin Phoenix",/title/tt0172495/,"https://m.media-amazon.com/images/M/MV5BMDliMmNhNDEtODUyOS00MjNlLTgxODEtN2U3NzIxMGVkZTA1L2ltYWdlXkEyXkFqcGdeQXVyNjU0OTQ0OTY@._V1_UY67_CR0,0,45,67_AL_.jpg"
Raiders of the Lost Ark,48,8.5,Steven Spielberg,1981,"Harrison Ford, Karen Allen",/title/tt0082971/,"https://m.media-amazon.com/images/M/MV5BMjA0ODEzMTc1Nl5BMl5BanBnXkFtZTcwODM2MjAxNA@@._V1_UX45_CR0,0,45,67_AL_.jpg"
The Prestige,49,8.5,Christopher Nolan,2006,"Christian Bale, Hugh Jackman",/title/tt0482571/,"https://m.media-amazon.com/images/M/MV5BMjA4NDI0MTIxNF5BMl5BanBnXkFtZTYwNTM0MzY2._V1_UY67_CR0,0,45,67_AL_.jpg"
Apocalypse Now,50,8.4,Francis Ford Coppola,1979,"Martin Sheen, Marlon Brando",/title/tt0078788/,"https://m.media-amazon.com/images/M/MV5BZTNkZmU0ZWQtZjQzMy00YTNmLWFmN2MtZGNkMmU1OThmMGYwXkEyXkFqcGdeQXVyNzkwMjQ5NzM@._V1_UX45_CR0,0,45,67_AL_.jpg"
Memento,51,8.4,Christopher Nolan,2000,"Guy Pearce, Carrie-Anne Moss",/title/tt0209144/,"https://m.media-amazon.com/images/M/MV5BZTcyNjk1MjgtOWI3Mi00YzQwLWI5MTktMzY4ZmI2NDAyNzYzXkEyXkFqcGdeQXVyNjU0OTQ0OTY@._V1_UY67_CR0,0,45,67_AL_.jpg"
Alien,52,8.4,Ridley Scott,1979,"Sigourney Weaver, Tom Skerritt",/title/tt0078748/,"https://m.media-amazon.com/images/M/MV5BMmQ2MmU3NzktZjAxOC00ZDZhLTk4YzEtMDMyMzcxY2IwMDAyXkEyXkFqcGdeQXVyNzkwMjQ5NzM@._V1_UY67_CR0,0,45,67_AL_.jpg"
Grave of the Fireflies,53,8.4,Isao Takahata,1988,"Tsutomu Tatsumi, Ayano Shiraishi",/title/tt0095327/,"https://m.media-amazon.com/images/M/MV5BZmY2NjUzNDQtNTgxNC00M2Q4LTljOWQtMjNjNDBjNWUxNmJlXkEyXkFqcGdeQXVyNTA4NzY1MzY@._V1_UX45_CR0,0,45,67_AL_.jpg"
Cinema Paradiso,54,8.4,Giuseppe Tornatore,1988,"Philippe Noiret, Enzo Cannavale",/title/tt0095765/,"https://m.media-amazon.com/images/M/MV5BM2FhYjEyYmYtMDI1Yy00YTdlLWI2NWQtYmEzNzAxOGY1NjY2XkEyXkFqcGdeQXVyNTA3NTIyNDg@._V1_UY67_CR0,0,45,67_AL_.jpg"
The Great Dictator,55,8.4,Charles Chaplin,1940,"Charles Chaplin, Paulette Goddard",/title/tt0032553/,"https://m.media-amazon.com/images/M/MV5BMmExYWJjNTktNGUyZS00ODhmLTkxYzAtNWIzOGEyMGNiMmUwXkEyXkFqcGdeQXVyNjU0OTQ0OTY@._V1_UY67_CR0,0,45,67_AL_.jpg"
Spider-Man: Into the Spider-Verse,56,8.4,Bob Persichetti,2018,"Shameik Moore, Jake Johnson",/title/tt4633694/,"https://m.media-amazon.com/images/M/MV5BMjMwNDkxMTgzOF5BMl5BanBnXkFtZTgwNTkwNTQ3NjM@._V1_UY67_CR0,0,45,67_AL_.jpg"
Sunset Blvd.,57,8.4,Billy Wilder,1950,"William Holden, Gloria Swanson",/title/tt0043014/,"https://m.media-amazon.com/images/M/MV5BMTU0NTkyNzYwMF5BMl5BanBnXkFtZTgwMDU0NDk5MTI@._V1_UX45_CR0,0,45,67_AL_.jpg"
The Lives of Others,58,8.4,Florian Henckel von Donnersmarck,2006,"Ulrich Mühe, Martina Gedeck",/title/tt0405094/,"https://m.media-amazon.com/images/M/MV5BOThkM2EzYmMtNDE3NS00NjlhLTg4YzktYTdhNzgyOWY3ZDYzXkEyXkFqcGdeQXVyNzQzNzQxNzI@._V1_UY67_CR1,0,45,67_AL_.jpg"
Dr. Strangelove or: How I Learned to Stop Worrying and Love the Bomb,59,8.4,Stanley Kubrick,1964,"Peter Sellers, George C. Scott",/title/tt0057012/,"https://m.media-amazon.com/images/M/MV5BZWI3ZTMxNjctMjdlNS00NmUwLWFiM2YtZDUyY2I3N2MxYTE0XkEyXkFqcGdeQXVyNzkwMjQ5NzM@._V1_UX45_CR0,0,45,67_AL_.jpg"
Avengers: Infinity War,60,8.4,Anthony Russo,2018,"Robert Downey Jr., Chris Hemsworth",/title/tt4154756/,"https://m.media-amazon.com/images/M/MV5BMjMxNjY2MDU1OV5BMl5BanBnXkFtZTgwNzY1MTUwNTM@._V1_UY67_CR0,0,45,67_AL_.jpg"
Paths of Glory,61,8.4,Stanley Kubrick,1957,"Kirk Douglas, Ralph Meeker",/title/tt0050825/,"https://m.media-amazon.com/images/M/MV5BNjViMmRkOTEtM2ViOS00ODg0LWJhYWEtNTBlOGQxNDczOGY3XkEyXkFqcGdeQXVyMDI2NDg0NQ@@._V1_UY67_CR1,0,45,67_AL_.jpg"
Django Unchained,62,8.4,Quentin Tarantino,2012,"Jamie Foxx, Christoph Waltz",/title/tt1853728/,"https://m.media-amazon.com/images/M/MV5BMjIyNTQ5NjQ1OV5BMl5BanBnXkFtZTcwODg1MDU4OA@@._V1_UY67_CR0,0,45,67_AL_.jpg"
The Shining,63,8.4,Stanley Kubrick,1980,"Jack Nicholson, Shelley Duvall",/title/tt0081505/,"https://m.media-amazon.com/images/M/MV5BZWFlYmY2MGEtZjVkYS00YzU4LTg0YjQtYzY1ZGE3NTA5NGQxXkEyXkFqcGdeQXVyMTQxNzMzNDI@._V1_UX45_CR0,0,45,67_AL_.jpg"
WALL·E,64,8.4,Andrew Stanton,2008,"Ben Burtt, Elissa Knight",/title/tt0910970/,"https://m.media-amazon.com/images/M/MV5BMjExMTg5OTU0NF5BMl5BanBnXkFtZTcwMjMxMzMzMw@@._V1_UY67_CR0,0,45,67_AL_.jpg"
Princess Mononoke,65,8.4,Hayao Miyazaki,1997,"Yôji Matsuda, Yuriko Ishida",/title/tt0119698/,"https://m.media-amazon.com/images/M/MV5BMTVlNWM4NTAtNDQxYi00YWU5LWIwM2MtZmVjYWFmODZiODE5XkEyXkFqcGdeQXVyNjU0OTQ0OTY@._V1_UY67_CR1,0,45,67_AL_.jpg"
Witness for the Prosecution,66,8.4,Billy Wilder,1957,"Tyrone Power, Marlene Dietrich",/title/tt0051201/,"https://m.media-amazon.com/images/M/MV5BZjEwMmE5MzYtYWExYy00ZjEzLTk4MjUtMmJmNzgxY2MxN2U1XkEyXkFqcGdeQXVyMTg2NTc4MzA@._V1_UY67_CR3,0,45,67_AL_.jpg"
Oldeuboi,67,8.4,Chan-wook Park,2003,"Min-sik Choi, Ji-tae Yu",/title/tt0364569/,"https://m.media-amazon.com/images/M/MV5BMTI3NTQyMzU5M15BMl5BanBnXkFtZTcwMTM2MjgyMQ@@._V1_UY67_CR0,0,45,67_AL_.jpg"
The Dark Knight Rises,68,8.3,Christopher Nolan,2012,"Christian Bale, Tom Hardy",/title/tt1345836/,"https://m.media-amazon.com/images/M/MV5BMTk4ODQzNDY3Ml5BMl5BanBnXkFtZTcwODA0NTM4Nw@@._V1_UY67_CR0,0,45,67_AL_.jpg"
Aliens,69,8.3,James Cameron,1986,"Sigourney Weaver, Michael Biehn",/title/tt0090605/,"https://m.media-amazon.com/images/M/MV5BZGU2OGY5ZTYtMWNhYy00NjZiLWI0NjUtZmNhY2JhNDRmODU3XkEyXkFqcGdeQXVyNzkwMjQ5NzM@._V1_UX45_CR0,0,45,67_AL_.jpg"
American Beauty,70,8.3,Sam Mendes,1999,"Kevin Spacey, Annette Bening",/title/tt0169547/,"https://m.media-amazon.com/images/M/MV5BNTBmZWJkNjctNDhiNC00MGE2LWEwOTctZTk5OGVhMWMyNmVhXkEyXkFqcGdeQXVyMTMxODk2OTU@._V1_UY67_CR0,0,45,67_AL_.jpg"
Once Upon a Time in America,71,8.3,Sergio Leone,1984,"Robert De Niro, James Woods",/title/tt0087843/,"https://m.media-amazon.com/images/M/MV5BMGFkNWI4MTMtNGQ0OC00MWVmLTk3MTktOGYxN2Y2YWVkZWE2XkEyXkFqcGdeQXVyNjU0OTQ0OTY@._V1_UX45_CR0,0,45,67_AL_.jpg"
Coco,72,8.3,Lee Unkrich,2017,"Anthony Gonzalez, Gael García Bernal",/title/tt2380307/,"https://m.media-amazon.com/images/M/MV5BYjQ5NjM0Y2YtNjZkNC00ZDhkLWJjMWItN2QyNzFkMDE3ZjAxXkEyXkFqcGdeQXVyODIxMzk5NjA@._V1_UY67_CR1,0,45,67_AL_.jpg"
Das Boot,73,8.3,Wolfgang Petersen,1981,"Jürgen Prochnow, Herbert Grönemeyer",/title/tt0082096/,"https://m.media-amazon.com/images/M/MV5BNGRmOWY0MGUtNTVhMy00NzRlLTljNDAtNTBiNTRlODgxNmY2XkEyXkFqcGdeQXVyNjc1NTYyMjg@._V1_UY67_CR1,0,45,67_AL_.jpg"
Citizen Kane,74,8.3,Orson Welles,1941,"Orson Welles, Joseph Cotten",/title/tt0033467/,"https://m.media-amazon.com/images/M/MV5BYjBiOTYxZWItMzdiZi00NjlkLWIzZTYtYmFhZjhiMTljOTdkXkEyXkFqcGdeQXVyNzkwMjQ5NzM@._V1_UX45_CR0,0,45,67_AL_.jpg"
Braveheart,75,8.3,Mel Gibson,1995,"Mel Gibson, Sophie Marceau",/title/tt0112573/,"https://m.media-amazon.com/images/M/MV5BMzkzMmU0YTYtOWM3My00YzBmLWI0YzctOGYyNTkwMWE5MTJkXkEyXkFqcGdeQXVyNzkwMjQ5NzM@._V1_UY67_CR0,0,45,67_AL_.jpg"
Vertigo,76,8.3,Alfred Hitchcock,1958,"James Stewart, Kim Novak",/title/tt0052357/,"https://m.media-amazon.com/images/M/MV5BYTE4ODEwZDUtNDFjOC00NjAxLWEzYTQtYTI1NGVmZmFlNjdiL2ltYWdlL2ltYWdlXkEyXkFqcGdeQXVyNjc1NTYyMjg@._V1_UX45_CR0,0,45,67_AL_.jpg"
Your Name.,77,8.3,Makoto Shinkai,2016,"Ryûnosuke Kamiki, Mone Kamishiraishi",/title/tt5311514/,"https://m.media-amazon.com/images/M/MV5BODRmZDVmNzUtZDA4ZC00NjhkLWI2M2UtN2M0ZDIzNDcxYThjL2ltYWdlXkEyXkFqcGdeQXVyNTk0MzMzODA@._V1_UY67_CR0,0,45,67_AL_.jpg"
North by Northwest,78,8.3,Alfred Hitchcock,1959,"Cary Grant, Eva Marie Saint",/title/tt0053125/,"https://m.media-amazon.com/images/M/MV5BZDA3NDExMTUtMDlhOC00MmQ5LWExZGUtYmI1NGVlZWI4OWNiXkEyXkFqcGdeQXVyNjc1NTYyMjg@._V1_UX45_CR0,0,45,67_AL_.jpg"
Reservoir Dogs,79,8.3,Quentin Tarantino,1992,"Harvey Keitel, Tim Roth",/title/tt0105236/,"https://m.media-amazon.com/images/M/MV5BZmExNmEwYWItYmQzOS00YjA5LTk2MjktZjEyZDE1Y2QxNjA1XkEyXkFqcGdeQXVyMTQxNzMzNDI@._V1_UX45_CR0,0,45,67_AL_.jpg"
Star Wars: Episode VI - Return of the Jedi,80,8.3,Richard Marquand,1983,"Mark Hamill, Harrison Ford",/title/tt0086190/,"https://m.media-amazon.com/images/M/MV5BOWZlMjFiYzgtMTUzNC00Y2IzLTk1NTMtZmNhMTczNTk0ODk1XkEyXkFqcGdeQXVyNTAyODkwOQ@@._V1_UX45_CR0,0,45,67_AL_.jpg"
M,81,8.3,Fritz Lang,1931,"Peter Lorre, Ellen Widmann",/title/tt0022100/,"https://m.media-amazon.com/images/M/MV5BODA4ODk3OTEzMF5BMl5BanBnXkFtZTgwMTQ2ODMwMzE@._V1_UX45_CR0,0,45,67_AL_.jpg"
Amadeus,82,8.3,Milos Forman,1984,"F. Murray Abraham, Tom Hulce",/title/tt0086879/,"https://m.media-amazon.com/images/M/MV5BNWJlNzUzNGMtYTAwMS00ZjI2LWFmNWQtODcxNWUxODA5YmU1XkEyXkFqcGdeQXVyNTIzOTk5ODM@._V1_UX45_CR0,0,45,67_AL_.jpg"
Requiem for a Dream,83,8.3,Darren Aronofsky,2000,"Ellen Burstyn, Jared Leto",/title/tt0180093/,"https://m.media-amazon.com/images/M/MV5BOTdiNzJlOWUtNWMwNS00NmFlLWI0YTEtZmI3YjIzZWUyY2Y3XkEyXkFqcGdeQXVyNjU0OTQ0OTY@._V1_UX45_CR0,0,45,67_AL_.jpg"
Dangal,84,8.3,Nitesh Tiwari,2016,"Aamir Khan, Sakshi Tanwar",/title/tt5074352/,"https://m.media-amazon.com/images/M/MV5BMTQ4MzQzMzM2Nl5BMl5BanBnXkFtZTgwMTQ1NzU3MDI@._V1_UY67_CR1,0,45,67_AL_.jpg"
3 Idiots,85,8.3,Rajkumar Hirani,2009,"Aamir Khan, Madhavan",/title/tt1187043/,"https://m.media-amazon.com/images/M/MV5BNTkyOGVjMGEtNmQzZi00NzFlLTlhOWQtODYyMDc2ZGJmYzFhXkEyXkFqcGdeQXVyNjU0OTQ0OTY@._V1_UY67_CR1,0,45,67_AL_.jpg"
Toy Story,86,8.3,John Lasseter,1995,"Tom Hanks, Tim Allen",/title/tt0114709/,"https://m.media-amazon.com/images/M/MV5BMDU2ZWJlMjktMTRhMy00ZTA5LWEzNDgtYmNmZTEwZTViZWJkXkEyXkFqcGdeQXVyNDQ2OTk4MzI@._V1_UX45_CR0,0,45,67_AL_.jpg"
2001: A Space Odyssey,87,8.3,Stanley Kubrick,1968,"Keir Dullea, Gary Lockwood",/title/tt0062622/,"https://m.media-amazon.com/images/M/MV5BMmNlYzRiNDctZWNhMi00MzI4LThkZTctMTUzMmZkMmFmNThmXkEyXkFqcGdeQXVyNzkwMjQ5NzM@._V1_UY67_CR0,0,45,67_AL_.jpg"
Taare Zameen Par,88,8.3,Aamir Khan,2007,"Darsheel Safary, Aamir Khan",/title/tt0986264/,"https://m.media-amazon.com/images/M/MV5BNTVmYTk2NjAtYzY3MS00YjFjLTlkYzktYzg3YzMyZDQyOWRiXkEyXkFqcGdeQXVyNjQ2MjQ5NzM@._V1_UY67_CR0,0,45,67_AL_.jpg"
Eternal Sunshine of the Spotless Mind,89,8.3,Michel Gondry,2004,"Jim Carrey, Kate Winslet",/title/tt0338013/,"https://m.media-amazon.com/images/M/MV5BMTY4NzcwODg3Nl5BMl5BanBnXkFtZTcwNTEwOTMyMw@@._V1_UY67_CR0,0,45,67_AL_.jpg"
Lawrence of Arabia,90,8.3,David Lean,1962,"Peter O'Toole, Alec Guinness",/title/tt0056172/,"https://m.media-amazon.com/images/M/MV5BYWY5ZjhjNGYtZmI2Ny00ODM0LWFkNzgtZmI1YzA2N2MxMzA0XkEyXkFqcGdeQXVyNjUwNzk3NDc@._V1_UY67_CR0,0,45,67_AL_.jpg"
A Clockwork Orange,91,8.3,Stanley Kubrick,1971,"Malcolm McDowell, Patrick Magee",/title/tt0066921/,"https://m.media-amazon.com/images/M/MV5BMTY3MjM1Mzc4N15BMl5BanBnXkFtZTgwODM0NzAxMDE@._V1_UY67_CR0,0,45,67_AL_.jpg"
Singin' in the Rain,92,8.3,Stanley Donen,1952,"Gene Kelly, Donald O'Connor",/title/tt0045152/,"https://m.media-amazon.com/images/M/MV5BMWUyNjQ5MTAtNDJhYS00MWQ0LTk2ZTAtZmE4MWNlMjMwMzg3XkEyXkFqcGdeQXVyNTA4NzY1MzY@._V1_UX45_CR0,0,45,67_AL_.jpg"
Inglourious Basterds,93,8.3,Quentin Tarantino,2009,"Brad Pitt, Diane Kruger",/title/tt0361748/,"https://m.media-amazon.com/images/M/MV5BOTJiNDEzOWYtMTVjOC00ZjlmLWE0NGMtZmE1OWVmZDQ2OWJhXkEyXkFqcGdeQXVyNTIzOTk5ODM@._V1_UY67_CR0,0,45,67_AL_.jpg"
Amélie,94,8.3,Jean-Pierre Jeunet,2001,"Audrey Tautou, Mathieu Kassovitz",/title/tt0211915/,"https://m.media-amazon.com/images/M/MV5BNDg4NjM1YjMtYmNhZC00MjM0LWFiZmYtNGY1YjA3MzZmODc5XkEyXkFqcGdeQXVyNDk3NzU2MTQ@._V1_UX45_CR0,0,45,67_AL_.jpg"
Double Indemnity,95,8.3,Billy Wilder,1944,"Fred MacMurray, Barbara Stanwyck",/title/tt0036775/,"https://m.media-amazon.com/images/M/MV5BOGZiZjFiMWItN2NkZC00MjEwLTk4YzEtNTMwOTlmOGM3ZGJkXkEyXkFqcGdeQXVyMzAxNjg3MjQ@._V1_UX45_CR0,0,45,67_AL_.jpg"
Taxi Driver,96,8.3,Martin Scorsese,1976,"Robert De Niro, Jodie Foster",/title/tt0075314/,"https://m.media-amazon.com/images/M/MV5BM2M1MmVhNDgtNmI0YS00ZDNmLTkyNjctNTJiYTQ2N2NmYzc2XkEyXkFqcGdeQXVyNzkwMjQ5NzM@._V1_UX45_CR0,0,45,67_AL_.jpg"
Full Metal Jacket,97,8.3,Stanley Kubrick,1987,"Matthew Modine, R. Lee Ermey",/title/tt0093058/,"https://m.media-amazon.com/images/M/MV5BNzkxODk0NjEtYjc4Mi00ZDI0LTgyYjEtYzc1NDkxY2YzYTgyXkEyXkFqcGdeQXVyNzkwMjQ5NzM@._V1_UX45_CR0,0,45,67_AL_.jpg"
Bicycle Thieves,98,8.3,Vittorio De Sica,1948,"Lamberto Maggiorani, Enzo Staiola",/title/tt0040522/,"https://m.media-amazon.com/images/M/MV5BNmI1ODdjODctMDlmMC00ZWViLWI5MzYtYzRhNDdjYmM3MzFjXkEyXkFqcGdeQXVyMTMxODk2OTU@._V1_UY67_CR0,0,45,67_AL_.jpg"
To Kill a Mockingbird,99,8.3,Robert Mulligan,1962,"Gregory Peck, John Megna",/title/tt0056592/,"https://m.media-amazon.com/images/M/MV5BNmVmYzcwNzMtMWM1NS00MWIyLThlMDEtYzUwZDgzODE1NmE2XkEyXkFqcGdeQXVyNzkwMjQ5NzM@._V1_UX45_CR0,0,45,67_AL_.jpg"
Good Will Hunting,100,8.3,Gus Van Sant,1997,"Robin Williams, Matt Damon",/title/tt0119217/,"https://m.media-amazon.com/images/M/MV5BOTI0MzcxMTYtZDVkMy00NjY1LTgyMTYtZmUxN2M3NmQ2NWJhXkEyXkFqcGdeQXVyMTQxNzMzNDI@._V1_UX45_CR0,0,45,67_AL_.jpg"
The Kid,101,8.3,Charles Chaplin,1921,"Charles Chaplin, Edna Purviance",/title/tt0012349/,"https://m.media-amazon.com/images/M/MV5BZjhhMThhNDItNTY2MC00MmU1LTliNDEtNDdhZjdlNTY5ZDQ1XkEyXkFqcGdeQXVyNjc1NTYyMjg@._V1_UX45_CR0,0,45,67_AL_.jpg"
The Sting,102,8.3,George Roy Hill,1973,"Paul Newman, Robert Redford",/title/tt0070735/,"https://m.media-amazon.com/images/M/MV5BZWNmODRmOTAtYTJhYi00NjllLTg3MTktNTBmZDZiNjJjZWVjXkEyXkFqcGdeQXVyNTc1NTQxODI@._V1_UX45_CR0,0,45,67_AL_.jpg"
Toy Story 3,103,8.3,Lee Unkrich,2010,"Tom Hanks, Tim Allen",/title/tt0435761/,"https://m.media-amazon.com/images/M/MV5BMTgxOTY4Mjc0MF5BMl5BanBnXkFtZTcwNTA4MDQyMw@@._V1_UY67_CR1,0,45,67_AL_.jpg"
The Hunt,104,8.3,Thomas Vinterberg,2012,"Mads Mikkelsen, Thomas Bo Larsen",/title/tt2106476/,"https://m.media-amazon.com/images/M/MV5BMTg2NDg3ODg4NF5BMl5BanBnXkFtZTcwNzk3NTc3Nw@@._V1_UY67_CR1,0,45,67_AL_.jpg"
Snatch,105,8.3,Guy Ritchie,2000,"Jason Statham, Brad Pitt",/title/tt0208092/,"https://m.media-amazon.com/images/M/MV5BMTA2NDYxOGYtYjU1Mi00Y2QzLTgxMTQtMWI1MGI0ZGQ5MmU4XkEyXkFqcGdeQXVyNDk3NzU2MTQ@._V1_UY67_CR0,0,45,67_AL_.jpg"
Scarface,106,8.2,Brian De Palma,1983,"Al Pacino, Michelle Pfeiffer",/title/tt0086250/,"https://m.media-amazon.com/images/M/MV5BNjdjNGQ4NDEtNTEwYS00MTgxLTliYzQtYzE2ZDRiZjFhZmNlXkEyXkFqcGdeQXVyNjU0OTQ0OTY@._V1_UX45_CR0,0,45,67_AL_.jpg"
For a Few Dollars More,107,8.2,Sergio Leone,1965,"Clint Eastwood, Lee Van Cleef",/title/tt0059578/,"https://m.media-amazon.com/images/M/MV5BNWM1NmYyM2ItMTFhNy00NDU0LThlYWUtYjQyYTJmOTY0ZmM0XkEyXkFqcGdeQXVyNjU0OTQ0OTY@._V1_UX45_CR0,0,45,67_AL_.jpg"
The Apartment,108,8.2,Billy Wilder,1960,"Jack Lemmon, Shirley MacLaine",/title/tt0053604/,"https://m.media-amazon.com/images/M/MV5BNzkwODFjNzItMmMwNi00MTU5LWE2MzktM2M4ZDczZGM1MmViXkEyXkFqcGdeQXVyNDY2MTk1ODk@._V1_UX45_CR0,0,45,67_AL_.jpg"
Toy Story 4,109,8.2,Josh Cooley,2019,"Tom Hanks, Tim Allen",/title/tt1979376/,"https://m.media-amazon.com/images/M/MV5BMTYzMDM4NzkxOV5BMl5BanBnXkFtZTgwNzM1Mzg2NzM@._V1_UY67_CR0,0,45,67_AL_.jpg"
Metropolis,110,8.2,Fritz Lang,1927,"Brigitte Helm, Alfred Abel",/title/tt0017136/,"https://m.media-amazon.com/images/M/MV5BMTg5YWIyMWUtZDY5My00Zjc1LTljOTctYmI0MWRmY2M2NmRkXkEyXkFqcGdeQXVyMTMxODk2OTU@._V1_UY67_CR0,0,45,67_AL_.jpg"
Monty Python and the Holy Grail,111,8.2,Terry Gilliam,1975,"Graham Chapman, John Cleese",/title/tt0071853/,"https://m.media-amazon.com/images/M/MV5BN2IyNTE4YzUtZWU0Mi00MGIwLTgyMmQtMzQ4YzQxYWNlYWE2XkEyXkFqcGdeQXVyNjU0OTQ0OTY@._V1_UX45_CR0,0,45,67_AL_.jpg"
L.A. Confidential,112,8.2,Curtis Hanson,1997,"Kevin Spacey, Russell Crowe",/title/tt0119488/,"https://m.media-amazon.com/images/M/MV5BMDQ2YzEyZGItYWRhOS00MjBmLTkzMDUtMTdjYzkyMmQxZTJlXkEyXkFqcGdeQXVyNjU0OTQ0OTY@._V1_UY67_CR0,0,45,67_AL_.jpg"
A Separation,113,8.2,Asghar Farhadi,2011,"Payman Maadi, Leila Hatami",/title/tt1832382/,"https://m.media-amazon.com/images/M/MV5BMTYzMzU4NDUwOF5BMl5BanBnXkFtZTcwMTM5MjA5Ng@@._V1_UY67_CR0,0,45,67_AL_.jpg"
Indiana Jones and the Last Crusade,114,8.2,Steven Spielberg,1989,"Harrison Ford, Sean Connery",/title/tt0097576/,"https://m.media-amazon.com/images/M/MV5BMjNkMzc2N2QtNjVlNS00ZTk5LTg0MTgtODY2MDAwNTMwZjBjXkEyXkFqcGdeQXVyNDk3NzU2MTQ@._V1_UY67_CR0,0,45,67_AL_.jpg"
Up,115,8.2,Pete Docter,2009,"Edward Asner, Jordan Nagai",/title/tt1049413/,"https://m.media-amazon.com/images/M/MV5BMTk3NDE2NzI4NF5BMl5BanBnXkFtZTgwNzE1MzEyMTE@._V1_UX45_CR0,0,45,67_AL_.jpg"
Rashômon,116,8.2,Akira Kurosawa,1950,"Toshirô Mifune, Machiko Kyô",/title/tt0042876/,"https://m.media-amazon.com/images/M/MV5BMTk1MDU5MjQ5NF5BMl5BanBnXkFtZTgwMDM2OTE4MzE@._V1_UY67_CR1,0,45,67_AL_.jpg"
All About Eve,117,8.2,Joseph L. Mankiewicz,1950,"Bette Davis, Anne Baxter",/title/tt0042192/,"https://m.media-amazon.com/images/M/MV5BMTY2MTAzODI5NV5BMl5BanBnXkFtZTgwMjM4NzQ0MjE@._V1_UX45_CR0,0,45,67_AL_.jpg"
Batman Begins,118,8.2,Christopher Nolan,2005,"Christian Bale, Michael Caine",/title/tt0372784/,"https://m.media-amazon.com/images/M/MV5BZmUwNGU2ZmItMmRiNC00MjhlLTg5YWUtODMyNzkxODYzMmZlXkEyXkFqcGdeQXVyNTIzOTk5ODM@._V1_UY67_CR2,0,45,67_AL_.jpg"
Some Like It Hot,119,8.2,Billy Wilder,1959,"Marilyn Monroe, Tony Curtis",/title/tt0053291/,"https://m.media-amazon.com/images/M/MV5BNzAyOGIxYjAtMGY2NC00ZTgyLWIwMWEtYzY0OWQ4NDFjOTc5XkEyXkFqcGdeQXVyNjU0OTQ0OTY@._V1_UX45_CR0,0,45,67_AL_.jpg"
Yojimbo,120,8.2,Akira Kurosawa,1961,"Toshirô Mifune, Eijirô Tôno",/title/tt0055630/,"https://m.media-amazon.com/images/M/MV5BZThiZjAzZjgtNDU3MC00YThhLThjYWUtZGRkYjc2ZWZlOTVjXkEyXkFqcGdeQXVyNTA4NzY1MzY@._V1_UX45_CR0,0,45,67_AL_.jpg"
Downfall,121,8.2,Oliver Hirschbiegel,2004,"Bruno Ganz, Alexandra Maria Lara",/title/tt0363163/,"https://m.media-amazon.com/images/M/MV5BZDFmNzI3YmItMTMyMy00YjE1LTliYTgtN2Q4M2QzZDE5MTlhXkEyXkFqcGdeQXVyMTQxNzMzNDI@._V1_UY67_CR0,0,45,67_AL_.jpg"
Unforgiven,122,8.2,Clint Eastwood,1992,"Clint Eastwood, Gene Hackman",/title/tt0105695/,"https://m.media-amazon.com/images/M/MV5BODM3YWY4NmQtN2Y3Ni00OTg0LWFhZGQtZWE3ZWY4MTJlOWU4XkEyXkFqcGdeQXVyNjU0OTQ0OTY@._V1_UX45_CR0,0,45,67_AL_.jpg"
Die Hard,123,8.2,John McTiernan,1988,"Bruce Willis, Alan Rickman",/title/tt0095016/,"https://m.media-amazon.com/images/M/MV5BZjRlNDUxZjAtOGQ4OC00OTNlLTgxNmQtYTBmMDgwZmNmNjkxXkEyXkFqcGdeQXVyNzkwMjQ5NzM@._V1_UX45_CR0,0,45,67_AL_.jpg"
Heat,124,8.2,Michael Mann,1995,"Al Pacino, Robert De Niro",/title/tt0113277/,"https://m.media-amazon.com/images/M/MV5BNDc0YTQ5NGEtM2NkYS00MWRhLThiNzAtNmY3NWU3YzNkMjIyXkEyXkFqcGdeQXVyNzkwMjQ5NzM@._V1_UX45_CR0,0,45,67_AL_.jpg"
Incendies,125,8.2,Denis Villeneuve,2010,"Lubna Azabal, Mélissa Désormeaux-Poulin",/title/tt1255953/,"https://m.media-amazon.com/images/M/MV5BMjEyNTA3Njk4M15BMl5BanBnXkFtZTcwMzkzMzY3Mw@@._V1_UY67_CR1,0,45,67_AL_.jpg"
The Treasure of the Sierra Madre,126,8.2,John Huston,1948,"Humphrey Bogart, Walter Huston",/title/tt0040897/,"https://m.media-amazon.com/images/M/MV5BOTJlZWMxYzEtMjlkMS00ODE0LThlM2ItMDI3NGQ2YjhmMzkxXkEyXkFqcGdeQXVyMDI2NDg0NQ@@._V1_UX45_CR0,0,45,67_AL_.jpg"
Ikiru,127,8.2,Akira Kurosawa,1952,"Takashi Shimura, Nobuo Kaneko",/title/tt0044741/,"https://m.media-amazon.com/images/M/MV5BMTliYThjNGEtYTRiMy00MWMzLTgyNzEtYTU3NTU3M2YwMTNjXkEyXkFqcGdeQXVyMjgyNjk3MzE@._V1_UY67_CR1,0,45,67_AL_.jpg"
Green Book,128,8.2,Peter Farrelly,2018,"Viggo Mortensen, Mahershala Ali",/title/tt6966692/,"https://m.media-amazon.com/images/M/MV5BYzIzYmJlYTYtNGNiYy00N2EwLTk4ZjItMGYyZTJiOTVkM2RlXkEyXkFqcGdeQXVyODY1NDk1NjE@._V1_UX45_CR0,0,45,67_AL_.jpg"
Raging Bull,129,8.2,Martin Scorsese,1980,"Robert De Niro, Cathy Moriarty",/title/tt0081398/,"https://m.media-amazon.com/images/M/MV5BYjRmODkzNDItMTNhNi00YjJlLTg0ZjAtODlhZTM0YzgzYThlXkEyXkFqcGdeQXVyNzQ1ODk3MTQ@._V1_UY67_CR0,0,45,67_AL_.jpg"
Children of Heaven,130,8.2,Majid Majidi,1997,"Mohammad Amir Naji, Amir Farrokh Hashemian",/title/tt0118849/,"https://m.media-amazon.com/images/M/MV5BZTYwZWQ4ZTQtZWU0MS00N2YwLWEzMDItZWFkZWY0MWVjODVhXkEyXkFqcGdeQXVyNjU0OTQ0OTY@._V1_UX45_CR0,0,45,67_AL_.jpg"
The Great Escape,131,8.2,John Sturges,1963,"Steve McQueen, James Garner",/title/tt0057115/,"https://m.media-amazon.com/images/M/MV5BNzA2NmYxMWUtNzBlMC00MWM2LTkwNmQtYTFlZjQwODNhOWE0XkEyXkFqcGdeQXVyNTIzOTk5ODM@._V1_UX45_CR0,0,45,67_AL_.jpg"
Pan's Labyrinth,132,8.2,Guillermo del Toro,2006,"Ivana Baquero, Ariadna Gil",/title/tt0457430/,"https://m.media-amazon.com/images/M/MV5BMTU3ODg2NjQ5NF5BMl5BanBnXkFtZTcwMDEwODgzMQ@@._V1_UY67_CR0,0,45,67_AL_.jpg"
Chinatown,133,8.2,Roman Polanski,1974,"Jack Nicholson, Faye Dunaway",/title/tt0071315/,"https://m.media-amazon.com/images/M/MV5BOGMwYmY5ZmEtMzY1Yi00OWJiLTk1Y2MtMzI2MjBhYmZkNTQ0XkEyXkFqcGdeQXVyNzkwMjQ5NzM@._V1_UX45_CR0,0,45,67_AL_.jpg"
My Neighbor Totoro,134,8.2,Hayao Miyazaki,1988,"Hitoshi Takagi, Noriko Hidaka",/title/tt0096283/,"https://m.media-amazon.com/images/M/MV5BNTdiOTQ0YmUtOGE3YS00NDg5LWI3YTEtNDAxZmE0MzRmZWM5L2ltYWdlXkEyXkFqcGdeQXVyNTAyODkwOQ@@._V1_UY67_CR2,0,45,67_AL_.jpg"
Howl's Moving Castle,135,8.2,Hayao Miyazaki,2004,"Chieko Baishô, Takuya Kimura",/title/tt0347149/,"https://m.media-amazon.com/images/M/MV5BZTRhY2QwM2UtNWRlNy00ZWQwLTg3MjktZThmNjQ3NTdjN2IxXkEyXkFqcGdeQXVyMzg2MzE2OTE@._V1_UY67_CR1,0,45,67_AL_.jpg"
The Third Man,136,8.2,Carol Reed,1949,"Orson Welles, Joseph Cotten",/title/tt0041959/,"https://m.media-amazon.com/images/M/MV5BYjE2OTdhMWUtOGJlMy00ZDViLWIzZjgtYjZkZGZmMDZjYmEyXkEyXkFqcGdeQXVyNzkwMjQ5NzM@._V1_UX45_CR0,0,45,67_AL_.jpg"
Ran,137,8.2,Akira Kurosawa,1985,"Tatsuya Nakadai, Akira Terao",/title/tt0089881/,"https://m.media-amazon.com/images/M/MV5BZDBjZTM4ZmEtOTA5ZC00NTQzLTkyNzYtMmUxNGU2YjI5YjU5L2ltYWdlXkEyXkFqcGdeQXVyNTAyODkwOQ@@._V1_UY67_CR1,0,45,67_AL_.jpg"
Babam ve Oglum,138,8.2,Çagan Irmak,2005,"Çetin Tekindor, Fikret Kuskan",/title/tt0476735/,"https://m.media-amazon.com/images/M/MV5BNjAzMzEwYzctNjc1MC00Nzg5LWFmMGItMTgzYmMyNTY2OTQ4XkEyXkFqcGdeQXVyNjU0OTQ0OTY@._V1_UY67_CR0,0,45,67_AL_.jpg"
Judgment at Nuremberg,139,8.2,Stanley Kramer,1961,"Spencer Tracy, Burt Lancaster",/title/tt0055031/,"https://m.media-amazon.com/images/M/MV5BZDZjMTIwZTQtNTM3OS00OTUyLWI5MTMtOTNjYWVkNzhjMWIxXkEyXkFqcGdeQXVyNTc1NTQxODI@._V1_UY67_CR0,0,45,67_AL_.jpg"
The Secret in Their Eyes,140,8.2,Juan José Campanella,2009,"Ricardo Darín, Soledad Villamil",/title/tt1305806/,"https://m.media-amazon.com/images/M/MV5BMTgwNTI3OTczOV5BMl5BanBnXkFtZTcwMTM3MTUyMw@@._V1_UY67_CR0,0,45,67_AL_.jpg"
The Gold Rush,141,8.2,Charles Chaplin,1925,"Charles Chaplin, Mack Swain",/title/tt0015864/,"https://m.media-amazon.com/images/M/MV5BZjEyOTE4MzMtNmMzMy00Mzc3LWJlOTQtOGJiNDE0ZmJiOTU4L2ltYWdlXkEyXkFqcGdeQXVyNTAyODkwOQ@@._V1_UY67_CR2,0,45,67_AL_.jpg"
A Beautiful Mind,142,8.2,Ron Howard,2001,"Russell Crowe, Ed Harris",/title/tt0268978/,"https://m.media-amazon.com/images/M/MV5BMzcwYWFkYzktZjAzNC00OGY1LWI4YTgtNzc5MzVjMDVmNjY0XkEyXkFqcGdeQXVyMTQxNzMzNDI@._V1_UY67_CR0,0,45,67_AL_.jpg"
The Bridge on the River Kwai,143,8.2,David Lean,1957,"William Holden, Alec Guinness",/title/tt0050212/,"https://m.media-amazon.com/images/M/MV5BMGVhNjhjODktODgxYS00MDdhLTlkZjktYTkyNzQxMTU0ZDYxXkEyXkFqcGdeQXVyNzkwMjQ5NzM@._V1_UX45_CR0,0,45,67_AL_.jpg"
Casino,144,8.2,Martin Scorsese,1995,"Robert De Niro, Sharon Stone",/title/tt0112641/,"https://m.media-amazon.com/images/M/MV5BMTcxOWYzNDYtYmM4YS00N2NkLTk0NTAtNjg1ODgwZjAxYzI3XkEyXkFqcGdeQXVyNTA4NzY1MzY@._V1_UX45_CR0,0,45,67_AL_.jpg"
"Lock, Stock and Two Smoking Barrels",145,8.2,Guy Ritchie,1998,"Jason Flemyng, Dexter Fletcher",/title/tt0120735/,"https://m.media-amazon.com/images/M/MV5BMTAyN2JmZmEtNjAyMy00NzYwLThmY2MtYWQ3OGNhNjExMmM4XkEyXkFqcGdeQXVyNDk3NzU2MTQ@._V1_UX45_CR0,0,45,67_AL_.jpg"
The Seventh Seal,146,8.1,Ingmar Bergman,1957,"Max von Sydow, Gunnar Björnstrand",/title/tt0050976/,"https://m.media-amazon.com/images/M/MV5BNWE2NmMwZjgtOWYxYy00NWU0LTkzOGUtYTg4Yjk3MDFmY2IyXkEyXkFqcGdeQXVyMTMxODk2OTU@._V1_UX45_CR0,0,45,67_AL_.jpg"
"Three Billboards Outside Ebbing, Missouri",147,8.1,Martin McDonagh,2017,"Frances McDormand, Woody Harrelson",/title/tt5027774/,"https://m.media-amazon.com/images/M/MV5BMjMxNzgwMDUyMl5BMl5BanBnXkFtZTgwMTQ0NTIyNDM@._V1_UY67_CR0,0,45,67_AL_.jpg"
On the Waterfront,148,8.1,Elia Kazan,1954,"Marlon Brando, Karl Malden",/title/tt0047296/,"https://m.media-amazon.com/images/M/MV5BY2I0MWFiZDMtNWQyYy00Njk5LTk3MDktZjZjNTNmZmVkYjkxXkEyXkFqcGdeQXVyNjc1NTYyMjg@._V1_UX45_CR0,0,45,67_AL_.jpg"
The Wolf of Wall Street,149,8.1,Martin Scorsese,2013,"Leonardo DiCaprio, Jonah Hill",/title/tt0993846/,"https://m.media-amazon.com/images/M/MV5BMjIxMjgxNTk0MF5BMl5BanBnXkFtZTgwNjIyOTg2MDE@._V1_UY67_CR0,0,45,67_AL_.jpg"
The Elephant Man,150,8.1,David Lynch,1980,"Anthony Hopkins, John Hurt",/title/tt0080678/,"https://m.media-amazon.com/images/M/MV5BMDVjNjIwOGItNDE3Ny00OThjLWE0NzQtZTU3YjMzZTZjMzhkXkEyXkFqcGdeQXVyMTQxNzMzNDI@._V1_UX45_CR0,0,45,67_AL_.jpg"
Inside Out,151,8.1,Pete Docter,2015,"Amy Poehler, Bill Hader",/title/tt2096673/,"https://m.media-amazon.com/images/M/MV5BOTgxMDQwMDk0OF5BMl5BanBnXkFtZTgwNjU5OTg2NDE@._V1_UY67_CR0,0,45,67_AL_.jpg"
V for Vendetta,152,8.1,James McTeigue,2005,"Hugo Weaving, Natalie Portman",/title/tt0434409/,"https://m.media-amazon.com/images/M/MV5BYzllMjJkODAtYjMwMi00YmNhLWFhYzAtZjZjODg5YzEwOGUwXkEyXkFqcGdeQXVyNjU0OTQ0OTY@._V1_UY67_CR0,0,45,67_AL_.jpg"
Mr. Smith Goes to Washington,153,8.1,Frank Capra,1939,"James Stewart, Jean Arthur",/title/tt0031679/,"https://m.media-amazon.com/images/M/MV5BZTYwYjYxYzgtMDE1Ni00NzU4LWJlMTEtODQ5YmJmMGJhZjI5L2ltYWdlXkEyXkFqcGdeQXVyMDI2NDg0NQ@@._V1_UX45_CR0,0,45,67_AL_.jpg"
Room,154,8.1,Lenny Abrahamson,2015,"Brie Larson, Jacob Tremblay",/title/tt3170832/,"https://m.media-amazon.com/images/M/MV5BMjE4NzgzNzEwMl5BMl5BanBnXkFtZTgwMTMzMDE0NjE@._V1_UY67_CR0,0,45,67_AL_.jpg"
There Will Be Blood,155,8.1,Paul Thomas Anderson,2007,"Daniel Day-Lewis, Paul Dano",/title/tt0469494/,"https://m.media-amazon.com/images/M/MV5BMjAxODQ4MDU5NV5BMl5BanBnXkFtZTcwMDU4MjU1MQ@@._V1_UY67_CR0,0,45,67_AL_.jpg"
Warrior,156,8.1,Gavin O'Connor,2011,"Tom Hardy, Nick Nolte",/title/tt1291584/,"https://m.media-amazon.com/images/M/MV5BMTk4ODk5MTMyNV5BMl5BanBnXkFtZTcwMDMyNTg0Ng@@._V1_UX45_CR0,0,45,67_AL_.jpg"
Blade Runner,157,8.1,Ridley Scott,1982,"Harrison Ford, Rutger Hauer",/title/tt0083658/,"https://m.media-amazon.com/images/M/MV5BNzQzMzJhZTEtOWM4NS00MTdhLTg0YjgtMjM4MDRkZjUwZDBlXkEyXkFqcGdeQXVyNjU0OTQ0OTY@._V1_UY67_CR0,0,45,67_AL_.jpg"
Dial M for Murder,158,8.1,Alfred Hitchcock,1954,"Ray Milland, Grace Kelly",/title/tt0046912/,"https://m.media-amazon.com/images/M/MV5BOWIwODIxYWItZDI4MS00YzhhLWE3MmYtMzlhZDIwOTMzZmE5L2ltYWdlXkEyXkFqcGdeQXVyNjc1NTYyMjg@._V1_UX45_CR0,0,45,67_AL_.jpg"
No Country for Old Men,159,8.1,Ethan Coen,2007,"Tommy Lee Jones, Javier Bardem",/title/tt0477348/,"https://m.media-amazon.com/images/M/MV5BMjA5Njk3MjM4OV5BMl5BanBnXkFtZTcwMTc5MTE1MQ@@._V1_UY67_CR0,0,45,67_AL_.jpg"
The Sixth Sense,160,8.1,M. Night Shyamalan,1999,"Bruce Willis, Haley Joel Osment",/title/tt0167404/,"https://m.media-amazon.com/images/M/MV5BMWM4NTFhYjctNzUyNi00NGMwLTk3NTYtMDIyNTZmMzRlYmQyXkEyXkFqcGdeQXVyMTAwMzUyOTc@._V1_UY67_CR0,0,45,67_AL_.jpg"
Wild Strawberries,161,8.1,Ingmar Bergman,1957,"Victor Sjöström, Bibi Andersson",/title/tt0050986/,"https://m.media-amazon.com/images/M/MV5BM2NiYjhmMzctMzliMC00NDBlLWJkYzItZjIwYjYzNDg3OGQzXkEyXkFqcGdeQXVyMzAxNjg3MjQ@._V1_UY67_CR0,0,45,67_AL_.jpg"
The General,162,8.1,Clyde Bruckman,1926,"Buster Keaton, Marion Mack",/title/tt0017925/,"https://m.media-amazon.com/images/M/MV5BYmRiMDFlYjYtOTMwYy00OGY2LWE0Y2QtYzQxOGNhZmUwNTIxXkEyXkFqcGdeQXVyNzkwMjQ5NzM@._V1_UY67_CR0,0,45,67_AL_.jpg"
Trainspotting,163,8.1,Danny Boyle,1996,"Ewan McGregor, Ewen Bremner",/title/tt0117951/,"https://m.media-amazon.com/images/M/MV5BMzA5Zjc3ZTMtMmU5YS00YTMwLWI4MWUtYTU0YTVmNjVmODZhXkEyXkFqcGdeQXVyNjU0OTQ0OTY@._V1_UY67_CR0,0,45,67_AL_.jpg"
Gone with the Wind,164,8.1,Victor Fleming,1939,"Clark Gable, Vivien Leigh",/title/tt0031381/,"https://m.media-amazon.com/images/M/MV5BYjUyZWZkM2UtMzYxYy00ZmQ3LWFmZTQtOGE2YjBkNjA3YWZlXkEyXkFqcGdeQXVyNzkwMjQ5NzM@._V1_UX45_CR0,0,45,67_AL_.jpg"
The Thing,165,8.1,John Carpenter,1982,"Kurt Russell, Wilford Brimley",/title/tt0084787/,"https://m.media-amazon.com/images/M/MV5BNDcyZmFjY2YtN2I1OC00MzU3LWIzZGEtZDA5N2VlNDJjYWI3L2ltYWdlXkEyXkFqcGdeQXVyNTAyODkwOQ@@._V1_UX45_CR0,0,45,67_AL_.jpg"
Fargo,166,8.1,Joel Coen,1996,"William H. Macy, Frances McDormand",/title/tt0116282/,"https://m.media-amazon.com/images/M/MV5BNDJiZDgyZjctYmRjMS00ZjdkLTkwMTEtNGU1NDg3NDQ0Yzk1XkEyXkFqcGdeQXVyNzkwMjQ5NzM@._V1_UY67_CR0,0,45,67_AL_.jpg"
Come and See,167,8.1,Elem Klimov,1985,"Aleksey Kravchenko, Olga Mironova",/title/tt0091251/,"https://m.media-amazon.com/images/M/MV5BODM4Njg0NTAtYjI5Ny00ZjAxLTkwNmItZTMxMWU5M2U3M2RjXkEyXkFqcGdeQXVyNzkwMjQ5NzM@._V1_UX45_CR0,0,45,67_AL_.jpg"
Andhadhun,168,8.1,Sriram Raghavan,2018,"Ayushmann Khurrana, Tabu",/title/tt8108198/,"https://m.media-amazon.com/images/M/MV5BZWZhMjhhZmYtOTIzOC00MGYzLWI1OGYtM2ZkN2IxNTI4ZWI3XkEyXkFqcGdeQXVyNDAzNDk0MTQ@._V1_UY67_CR0,0,45,67_AL_.jpg"
Finding Nemo,169,8.1,Andrew Stanton,2003,"Albert Brooks, Ellen DeGeneres",/title/tt0266543/,"https://m.media-amazon.com/images/M/MV5BZTAzNWZlNmUtZDEzYi00ZjA5LWIwYjEtZGM1NWE1MjE4YWRhXkEyXkFqcGdeQXVyNjU0OTQ0OTY@._V1_UY67_CR0,0,45,67_AL_.jpg"
Gran Torino,170,8.1,Clint Eastwood,2008,"Clint Eastwood, Bee Vang",/title/tt1205489/,"https://m.media-amazon.com/images/M/MV5BMTc5NTk2OTU1Nl5BMl5BanBnXkFtZTcwMDc3NjAwMg@@._V1_UY67_CR0,0,45,67_AL_.jpg"
The Deer Hunter,171,8.1,Michael Cimino,1978,"Robert De Niro, Christopher Walken",/title/tt0077416/,"https://m.media-amazon.com/images/M/MV5BNDhmNTA0ZDMtYjhkNS00NzEzLWIzYTItOGNkMTVmYjE2YmI3XkEyXkFqcGdeQXVyNzkwMjQ5NzM@._V1_UY67_CR0,0,45,67_AL_.jpg"
Shutter Island,172,8.1,Martin Scorsese,2010,"Leonardo DiCaprio, Emily Mortimer",/title/tt1130884/,"https://m.media-amazon.com/images/M/MV5BYzhiNDkyNzktNTZmYS00ZTBkLTk2MDAtM2U0YjU1MzgxZjgzXkEyXkFqcGdeQXVyMTMxODk2OTU@._V1_UY67_CR0,0,45,67_AL_.jpg"
The Big Lebowski,173,8.1,Joel Coen,1998,"Jeff Bridges, John Goodman",/title/tt0118715/,"https://m.media-amazon.com/images/M/MV5BMTQ0NjUzMDMyOF5BMl5BanBnXkFtZTgwODA1OTU0MDE@._V1_UX45_CR0,0,45,67_AL_.jpg"
Kill Bill: Vol. 1,174,8.1,Quentin Tarantino,2003,"Uma Thurman, David Carradine",/title/tt0266697/,"https://m.media-amazon.com/images/M/MV5BNzM3NDFhYTAtYmU5Mi00NGRmLTljYjgtMDkyODQ4MjNkMGY2XkEyXkFqcGdeQXVyNzkwMjQ5NzM@._V1_UX45_CR0,0,45,67_AL_.jpg"
Sherlock Jr.,175,8.1,Buster Keaton,1924,"Buster Keaton, Kathryn McGuire",/title/tt0015324/,"https://m.media-amazon.com/images/M/MV5BZWFhOGU5NDctY2Q3YS00Y2VlLWI1NzEtZmIwY2ZiZjY4OTA2XkEyXkFqcGdeQXVyMDI2NDg0NQ@@._V1_UX45_CR0,0,45,67_AL_.jpg"
Cool Hand Luke,176,8.1,Stuart Rosenberg,1967,"Paul Newman, George Kennedy",/title/tt0061512/,"https://m.media-amazon.com/images/M/MV5BOWFlNzZhYmYtYTI5YS00MDQyLWIyNTUtNTRjMWUwNTEzNjA0XkEyXkFqcGdeQXVyNjUwNzk3NDc@._V1_UX45_CR0,0,45,67_AL_.jpg"
Mary and Max,177,8.1,Adam Elliot,2009,"Toni Collette, Philip Seymour Hoffman",/title/tt0978762/,"https://m.media-amazon.com/images/M/MV5BMDgzYjQwMDMtNGUzYi00MTRmLWIyMGMtNjE1OGZkNzY2YWIzL2ltYWdlXkEyXkFqcGdeQXVyNjU0OTQ0OTY@._V1_UY67_CR1,0,45,67_AL_.jpg"
Tokyo Story,178,8.1,Yasujirô Ozu,1953,"Chishû Ryû, Chieko Higashiyama",/title/tt0046438/,"https://m.media-amazon.com/images/M/MV5BYWQ4ZTRiODktNjAzZC00Nzg1LTk1YWQtNDFmNDI0NmZiNGIwXkEyXkFqcGdeQXVyNzkwMjQ5NzM@._V1_UY67_CR0,0,45,67_AL_.jpg"
Hacksaw Ridge,179,8.1,Mel Gibson,2016,"Andrew Garfield, Sam Worthington",/title/tt2119532/,"https://m.media-amazon.com/images/M/MV5BMjQ1NjM3MTUxNV5BMl5BanBnXkFtZTgwMDc5MTY5OTE@._V1_UX45_CR0,0,45,67_AL_.jpg"
Rebecca,180,8.1,Alfred Hitchcock,1940,"Laurence Olivier, Joan Fontaine",/title/tt0032976/,"https://m.media-amazon.com/images/M/MV5BYTcxYWExOTMtMWFmYy00ZjgzLWI0YjktNWEzYzJkZTg0NDdmL2ltYWdlXkEyXkFqcGdeQXVyNjc1NTYyMjg@._V1_UY67_CR1,0,45,67_AL_.jpg"
Jurassic Park,181,8.1,Steven Spielberg,1993,"Sam Neill, Laura Dern",/title/tt0107290/,"https://m.media-amazon.com/images/M/MV5BMjM2MDgxMDg0Nl5BMl5BanBnXkFtZTgwNTM2OTM5NDE@._V1_UX45_CR0,0,45,67_AL_.jpg"
How to Train Your Dragon,182,8.1,Dean DeBlois,2010,"Jay Baruchel, Gerard Butler",/title/tt0892769/,"https://m.media-amazon.com/images/M/MV5BMjA5NDQyMjc2NF5BMl5BanBnXkFtZTcwMjg5ODcyMw@@._V1_UY67_CR0,0,45,67_AL_.jpg"
Gone Girl,183,8.1,David Fincher,2014,"Ben Affleck, Rosamund Pike",/title/tt2267998/,"https://m.media-amazon.com/images/M/MV5BMTk0MDQ3MzAzOV5BMl5BanBnXkFtZTgwNzU1NzE3MjE@._V1_UY67_CR0,0,45,67_AL_.jpg"
Relatos salvajes,184,8.1,Damián Szifron,2014,"Darío Grandinetti, María Marull",/title/tt3011894/,"https://m.media-amazon.com/images/M/MV5BNzAzMjA1ODAxOV5BMl5BanBnXkFtZTgwODg4NTQzNDE@._V1_UY67_CR0,0,45,67_AL_.jpg"
The Truman Show,185,8.1,Peter Weir,1998,"Jim Carrey, Ed Harris",/title/tt0120382/,"https://m.media-amazon.com/images/M/MV5BMDIzODcyY2EtMmY2MC00ZWVlLTgwMzAtMjQwOWUyNmJjNTYyXkEyXkFqcGdeQXVyNDk3NzU2MTQ@._V1_UY67_CR0,0,45,67_AL_.jpg"
Stalker,186,8.1,Andrei Tarkovsky,1979,"Alisa Freyndlikh, Aleksandr Kaydanovskiy",/title/tt0079944/,"https://m.media-amazon.com/images/M/MV5BMDgwODNmMGItMDcwYi00OWZjLTgyZjAtMGYwMmI4N2Q0NmJmXkEyXkFqcGdeQXVyNzY1MTU0Njk@._V1_UY67_CR1,0,45,67_AL_.jpg"
The Grand Budapest Hotel,187,8.1,Wes Anderson,2014,"Ralph Fiennes, F. Murray Abraham",/title/tt2278388/,"https://m.media-amazon.com/images/M/MV5BMzM5NjUxOTEyMl5BMl5BanBnXkFtZTgwNjEyMDM0MDE@._V1_UY67_CR0,0,45,67_AL_.jpg"
In the Name of the Father,188,8.1,Jim Sheridan,1993,"Daniel Day-Lewis, Pete Postlethwaite",/title/tt0107207/,"https://m.media-amazon.com/images/M/MV5BMmYyOTgwYWItYmU3Ny00M2E2LTk0NWMtMDVlNmQ0MWZiMTMxXkEyXkFqcGdeQXVyNzkwMjQ5NzM@._V1_UX45_CR0,0,45,67_AL_.jpg"
Sunrise,189,8.1,F.W. Murnau,1927,"George O'Brien, Janet Gaynor",/title/tt0018455/,"https://m.media-amazon.com/images/M/MV5BNDVkYmYwM2ItNzRiMy00NWQ4LTlhMjMtNDI1ZDYyOGVmMzJjXkEyXkFqcGdeQXVyNTgzMzU5MDI@._V1_UX45_CR0,0,45,67_AL_.jpg"
Stand by Me,190,8.1,Rob Reiner,1986,"Wil Wheaton, River Phoenix",/title/tt0092005/,"https://m.media-amazon.com/images/M/MV5BODJmY2Y2OGQtMDg2My00N2Q3LWJmZTUtYTc2ODBjZDVlNDlhXkEyXkFqcGdeQXVyMTQxNzMzNDI@._V1_UX45_CR0,0,45,67_AL_.jpg"
It Happened One Night,191,8.1,Frank Capra,1934,"Clark Gable, Claudette Colbert",/title/tt0025316/,"https://m.media-amazon.com/images/M/MV5BZmViYmM5OTYtNGQ4Ny00YjQyLThiNjEtYTE4MGZhZTNmZjcyL2ltYWdlL2ltYWdlXkEyXkFqcGdeQXVyNjU0OTQ0OTY@._V1_UX45_CR0,0,45,67_AL_.jpg"
Memories of Murder,192,8.1,Joon-ho Bong,2003,"Kang-ho Song, Sang-kyung Kim",/title/tt0353969/,"https://m.media-amazon.com/images/M/MV5BZWYyYTk5ODQtNjFjZi00ZDFlLWEwNGEtNGQwZTdmYWRhNmU3L2ltYWdlXkEyXkFqcGdeQXVyNTAyODkwOQ@@._V1_UX45_CR0,0,45,67_AL_.jpg"
Platoon,193,8.1,Oliver Stone,1986,"Charlie Sheen, Tom Berenger",/title/tt0091763/,"https://m.media-amazon.com/images/M/MV5BM2Y1NTQyNWYtNDViNy00ZWRhLTk3MTMtOTI3ZGQ5MDFiNWM4XkEyXkFqcGdeQXVyNzkwMjQ5NzM@._V1_UX45_CR0,0,45,67_AL_.jpg"
Into the Wild,194,8.1,Sean Penn,2007,"Emile Hirsch, Vince Vaughn",/title/tt0758758/,"https://m.media-amazon.com/images/M/MV5BMTAwNDEyODU1MjheQTJeQWpwZ15BbWU2MDc3NDQwNw@@._V1_UY67_CR0,0,45,67_AL_.jpg"
Network,195,8.1,Sidney Lumet,1976,"Faye Dunaway, William Holden",/title/tt0074958/,"https://m.media-amazon.com/images/M/MV5BNmFiOWY3ZTktOTYwNy00ZTUzLTk0ODQtNzIxMzQ0ZDFjMTgyXkEyXkFqcGdeQXVyNTc1NTQxODI@._V1_UY67_CR0,0,45,67_AL_.jpg"
Monty Python's Life of Brian,196,8.1,Terry Jones,1979,"Graham Chapman, John Cleese",/title/tt0079470/,"https://m.media-amazon.com/images/M/MV5BMzAwNjU1OTktYjY3Mi00NDY5LWFlZWUtZjhjNGE0OTkwZDkwXkEyXkFqcGdeQXVyMTQxNzMzNDI@._V1_UX45_CR0,0,45,67_AL_.jpg"
Persona,197,8.1,Ingmar Bergman,1966,"Bibi Andersson, Liv Ullmann",/title/tt0060827/,"https://m.media-amazon.com/images/M/MV5BYzI1ZjUwYmEtNWNmNS00NjgyLTlhNmUtNjA2YmFhYmIyMzVkXkEyXkFqcGdeQXVyMTA2ODMzMDU@._V1_UY67_CR1,0,45,67_AL_.jpg"
Ben-Hur,198,8.1,William Wyler,1959,"Charlton Heston, Jack Hawkins",/title/tt0052618/,"https://m.media-amazon.com/images/M/MV5BNjgxY2JiZDYtZmMwOC00ZmJjLWJmODUtMTNmNWNmYWI5ODkwL2ltYWdlL2ltYWdlXkEyXkFqcGdeQXVyNjc1NTYyMjg@._V1_UX45_CR0,0,45,67_AL_.jpg"
12 Years a Slave,199,8.1,Steve McQueen,2013,"Chiwetel Ejiofor, Michael Kenneth Williams",/title/tt2024544/,"https://m.media-amazon.com/images/M/MV5BMjExMTEzODkyN15BMl5BanBnXkFtZTcwNTU4NTc4OQ@@._V1_UY67_CR0,0,45,67_AL_.jpg"
Million Dollar Baby,200,8.1,Clint Eastwood,2004,"Hilary Swank, Clint Eastwood",/title/tt0405159/,"https://m.media-amazon.com/images/M/MV5BMTkxNzA1NDQxOV5BMl5BanBnXkFtZTcwNTkyMTIzMw@@._V1_UY67_CR0,0,45,67_AL_.jpg"
Before Sunrise,201,8.1,Richard Linklater,1995,"Ethan Hawke, Julie Delpy",/title/tt0112471/,"https://m.media-amazon.com/images/M/MV5BZDdiZTAwYzAtMDI3Ni00OTRjLTkzN2UtMGE3MDMyZmU4NTU4XkEyXkFqcGdeQXVyNjU0OTQ0OTY@._V1_UY67_CR0,0,45,67_AL_.jpg"
Hotel Rwanda,202,8.1,Terry George,2004,"Don Cheadle, Sophie Okonedo",/title/tt0395169/,"https://m.media-amazon.com/images/M/MV5BZGJjYmIzZmQtNWE4Yy00ZGVmLWJkZGEtMzUzNmQ4ZWFlMjRhXkEyXkFqcGdeQXVyMTMxODk2OTU@._V1_UY67_CR0,0,45,67_AL_.jpg"
Prisoners,203,8.1,Denis Villeneuve,2013,"Hugh Jackman, Jake Gyllenhaal",/title/tt1392214/,"https://m.media-amazon.com/images/M/MV5BMTg0NTIzMjQ1NV5BMl5BanBnXkFtZTcwNDc3MzM5OQ@@._V1_UY67_CR0,0,45,67_AL_.jpg"
Mad Max: Fury Road,204,8.1,George Miller,2015,"Tom Hardy, Charlize Theron",/title/tt1392190/,"https://m.media-amazon.com/images/M/MV5BN2EwM2I5OWMtMGQyMi00Zjg1LWJkNTctZTdjYTA4OGUwZjMyXkEyXkFqcGdeQXVyMTMxODk2OTU@._V1_UY67_CR0,0,45,67_AL_.jpg"
The Bandit,205,8.1,Yavuz Turgul,1996,"Sener Sen, Ugur Yücel",/title/tt0116231/,"https://m.media-amazon.com/images/M/MV5BOGQ4ZjFmYjktOGNkNS00OWYyLWIyZjgtMGJjM2U1ZTA0ZTlhXkEyXkFqcGdeQXVyNTA4NzY1MzY@._V1_UY67_CR1,0,45,67_AL_.jpg"
Logan,206,8.1,James Mangold,2017,"Hugh Jackman, Patrick Stewart",/title/tt3315342/,"https://m.media-amazon.com/images/M/MV5BYzc5MTU4N2EtYTkyMi00NjdhLTg3NWEtMTY4OTEyMzJhZTAzXkEyXkFqcGdeQXVyNjc1NTYyMjg@._V1_UX45_CR0,0,45,67_AL_.jpg"
Hachi: A Dog's Tale,207,8.1,Lasse Hallström,2009,"Richard Gere, Joan Allen",/title/tt1028532/,"https://m.media-amazon.com/images/M/MV5BNzE4NDg5OWMtMzg3NC00ZDRjLTllMDMtZTRjNWZmNjBmMGZlXkEyXkFqcGdeQXVyMTMxODk2OTU@._V1_UY67_CR1,0,45,67_AL_.jpg"
Rush,208,8.1,Ron Howard,2013,"Daniel Brühl, Chris Hemsworth",/title/tt1979320/,"https://m.media-amazon.com/images/M/MV5BOWEwODJmZDItYTNmZC00OGM4LThlNDktOTQzZjIzMGQxODA4XkEyXkFqcGdeQXVyNjU0OTQ0OTY@._V1_UY67_CR0,0,45,67_AL_.jpg"
The Wages of Fear,209,8.1,Henri-Georges Clouzot,1953,"Yves Montand, Charles Vanel",/title/tt0046268/,"https://m.media-amazon.com/images/M/MV5BZDdkNzMwZmUtY2Q5MS00ZmM2LWJhYjItYTBjMWY0MGM4MDRjXkEyXkFqcGdeQXVyNTA4NzY1MzY@._V1_UY67_CR0,0,45,67_AL_.jpg"
Catch Me If You Can,210,8.1,Steven Spielberg,2002,"Leonardo DiCaprio, Tom Hanks",/title/tt0264464/,"https://m.media-amazon.com/images/M/MV5BMTY5MzYzNjc5NV5BMl5BanBnXkFtZTYwNTUyNTc2._V1_UY67_CR0,0,45,67_AL_.jpg"
The 400 Blows,211,8.1,François Truffaut,1959,"Jean-Pierre Léaud, Albert Rémy",/title/tt0053198/,"https://m.media-amazon.com/images/M/MV5BYTQ4MjA4NmYtYjRhNi00MTEwLTg0NjgtNjk3ODJlZGU4NjRkL2ltYWdlL2ltYWdlXkEyXkFqcGdeQXVyNjU0OTQ0OTY@._V1_UY67_CR2,0,45,67_AL_.jpg"
Spotlight,212,8.1,Tom McCarthy,2015,"Mark Ruffalo, Michael Keaton",/title/tt1895587/,"https://m.media-amazon.com/images/M/MV5BMjIyOTM5OTIzNV5BMl5BanBnXkFtZTgwMDkzODE2NjE@._V1_UY67_CR0,0,45,67_AL_.jpg"
Neon Genesis Evangelion: The End of Evangelion,213,8.1,Hideaki Anno,1997,"Megumi Ogata, Megumi Hayashibara",/title/tt0169858/,"https://m.media-amazon.com/images/M/MV5BOTFhODJjMzktNDhjMy00MmM4LWI5NWQtMDdhOGU1NzYxNzE1XkEyXkFqcGdeQXVyNTA4NzY1MzY@._V1_UY67_CR1,0,45,67_AL_.jpg"
Amores Perros,214,8.1,Alejandro G. Iñárritu,2000,"Emilio Echevarría, Gael García Bernal",/title/tt0245712/,"https://m.media-amazon.com/images/M/MV5BMWJhOTg5MWQtYTJjMi00YmFkLTg4ODgtYmU2YWVhODQ4ZDM3XkEyXkFqcGdeQXVyMTAwMzUyOTc@._V1_UY67_CR0,0,45,67_AL_.jpg"
Andrei Rublev,215,8.1,Andrei Tarkovsky,1966,"Anatoliy Solonitsyn, Ivan Lapikov",/title/tt0060107/,"https://m.media-amazon.com/images/M/MV5BMjhkN2Q3MzctNzJiOC00OTc5LWIwOWYtNWRiYWUyMDk0MGZiXkEyXkFqcGdeQXVyNTAyODkwOQ@@._V1_UX45_CR0,0,45,67_AL_.jpg"
Harry Potter and the Deathly Hallows: Part 2,216,8.1,David Yates,2011,"Daniel Radcliffe, Emma Watson",/title/tt1201607/,"https://m.media-amazon.com/images/M/MV5BMjIyZGU4YzUtNDkzYi00ZDRhLTljYzctYTMxMDQ4M2E0Y2YxXkEyXkFqcGdeQXVyNTIzOTk5ODM@._V1_UX45_CR0,0,45,67_AL_.jpg"
Nausicaä of the Valley of the Wind,217,8.0,Hayao Miyazaki,1984,"Sumi Shimamoto, Mahito Tsujimura",/title/tt0087544/,"https://m.media-amazon.com/images/M/MV5BODJiNmUzYmQtZTNhNS00NjY0LThmYjMtOTliOTM1NTdkYzY1XkEyXkFqcGdeQXVyNjU0OTQ0OTY@._V1_UY67_CR1,0,45,67_AL_.jpg"
The Passion of Joan of Arc,218,8.0,Carl Theodor Dreyer,1928,"Maria Falconetti, Eugene Silvain",/title/tt0019254/,"https://m.media-amazon.com/images/M/MV5BMTFkYjg3ZjMtMWMwMC00ZTFhLThlNjgtYTQ2YzlkZGI5MWVmXkEyXkFqcGdeQXVyNTA2NDc4OA@@._V1_UY67_CR1,0,45,67_AL_.jpg"
The Princess Bride,219,8.0,Rob Reiner,1987,"Cary Elwes, Mandy Patinkin",/title/tt0093779/,"https://m.media-amazon.com/images/M/MV5BMGM4M2Q5N2MtNThkZS00NTc1LTk1NTItNWEyZjJjNDRmNDk5XkEyXkFqcGdeQXVyMjA0MDQ0Mjc@._V1_UY67_CR0,0,45,67_AL_.jpg"
Barry Lyndon,220,8.0,Stanley Kubrick,1975,"Ryan O'Neal, Marisa Berenson",/title/tt0072684/,"https://m.media-amazon.com/images/M/MV5BNmY0MWY2NDctZDdmMi00MjA1LTk0ZTQtZDMyZTQ1NTNlYzVjXkEyXkFqcGdeQXVyMjUzOTY1NTc@._V1_UX45_CR0,0,45,67_AL_.jpg"
Rocky,221,8.0,John G. Avildsen,1976,"Sylvester Stallone, Talia Shire",/title/tt0075148/,"https://m.media-amazon.com/images/M/MV5BMTY5MDMzODUyOF5BMl5BanBnXkFtZTcwMTQ3NTMyNA@@._V1_UX45_CR0,0,45,67_AL_.jpg"
Butch Cassidy and the Sundance Kid,222,8.0,George Roy Hill,1969,"Paul Newman, Robert Redford",/title/tt0064115/,"https://m.media-amazon.com/images/M/MV5BMTkyMTM2NDk5Nl5BMl5BanBnXkFtZTgwNzY1NzEyMDE@._V1_UY67_CR0,0,45,67_AL_.jpg"
Rang De Basanti,223,8.0,Rakeysh Omprakash Mehra,2006,"Aamir Khan, Soha Ali Khan",/title/tt0405508/,"https://m.media-amazon.com/images/M/MV5BM2I3OGU1YmQtNjIyOC00OGYzLWFkOTgtOGIyMDVlNmE2M2VmXkEyXkFqcGdeQXVyODE5NzE3OTE@._V1_UY67_CR1,0,45,67_AL_.jpg"
"Monsters, Inc.",224,8.0,Pete Docter,2001,"Billy Crystal, John Goodman",/title/tt0198781/,"https://m.media-amazon.com/images/M/MV5BMTY1NTI0ODUyOF5BMl5BanBnXkFtZTgwNTEyNjQ0MDE@._V1_UY67_CR0,0,45,67_AL_.jpg"
Dead Poets Society,225,8.0,Peter Weir,1989,"Robin Williams, Robert Sean Leonard",/title/tt0097165/,"https://m.media-amazon.com/images/M/MV5BOGYwYWNjMzgtNGU4ZC00NWQ2LWEwZjUtMzE1Zjc3NjY3YTU1XkEyXkFqcGdeQXVyMTQxNzMzNDI@._V1_UY67_CR0,0,45,67_AL_.jpg"
The Grapes of Wrath,226,8.0,John Ford,1940,"Henry Fonda, Jane Darwell",/title/tt0032551/,"https://m.media-amazon.com/images/M/MV5BNzJiOGI2MjctYjUyMS00ZjkzLWE2ZmUtOTg4NTZkOTNhZDc1L2ltYWdlXkEyXkFqcGdeQXVyNjc1NTYyMjg@._V1_UY67_CR0,0,45,67_AL_.jpg"
The Terminator,227,8.0,James Cameron,1984,"Arnold Schwarzenegger, Linda Hamilton",/title/tt0088247/,"https://m.media-amazon.com/images/M/MV5BYTViNzMxZjEtZGEwNy00MDNiLWIzNGQtZDY2MjQ1OWViZjFmXkEyXkFqcGdeQXVyNzkwMjQ5NzM@._V1_UX45_CR0,0,45,67_AL_.jpg"
The Maltese Falcon,228,8.0,John Huston,1941,"Humphrey Bogart, Mary Astor",/title/tt0033870/,"https://m.media-amazon.com/images/M/MV5BZjIwNGM1ZTUtOThjYS00NDdiLTk2ZDYtNGY5YjJkNzliM2JjL2ltYWdlL2ltYWdlXkEyXkFqcGdeQXVyMDI2NDg0NQ@@._V1_UX45_CR0,0,45,67_AL_.jpg"
The Handmaiden,229,8.0,Chan-wook Park,2016,"Min-hee Kim, Jung-woo Ha",/title/tt4016934/,"https://m.media-amazon.com/images/M/MV5BNTE3NTI2NzE3OV5BMl5BanBnXkFtZTgwNDEzMjc4ODE@._V1_UY67_CR0,0,45,67_AL_.jpg"
Gandhi,230,8.0,Richard Attenborough,1982,"Ben Kingsley, John Gielgud",/title/tt0083987/,"https://m.media-amazon.com/images/M/MV5BMzJiZDRmOWUtYjE2MS00Mjc1LTg1ZDYtNTQxYWJkZTg1OTM4XkEyXkFqcGdeQXVyNjUwNzk3NDc@._V1_UX45_CR0,0,45,67_AL_.jpg"
La Haine,231,8.0,Mathieu Kassovitz,1995,"Vincent Cassel, Hubert Koundé",/title/tt0113247/,"https://m.media-amazon.com/images/M/MV5BNDNiOTA5YjktY2Q0Ni00ODgzLWE5MWItNGExOWRlYjY2MjBlXkEyXkFqcGdeQXVyNjQ2MjQ5NzM@._V1_UY67_CR1,0,45,67_AL_.jpg"
In the Mood for Love,232,8.0,Kar-Wai Wong,2000,"Tony Chiu-Wai Leung, Maggie Cheung",/title/tt0118694/,"https://m.media-amazon.com/images/M/MV5BYjZjODRlMjQtMjJlYy00ZDBjLTkyYTQtZGQxZTk5NzJhYmNmXkEyXkFqcGdeQXVyMTQxNzMzNDI@._V1_UY67_CR1,0,45,67_AL_.jpg"
Donnie Darko,233,8.0,Richard Kelly,2001,"Jake Gyllenhaal, Jena Malone",/title/tt0246578/,"https://m.media-amazon.com/images/M/MV5BZjZlZDlkYTktMmU1My00ZDBiLWFlNjEtYTBhNjVhOTM4ZjJjXkEyXkFqcGdeQXVyMTMxODk2OTU@._V1_UX45_CR0,0,45,67_AL_.jpg"
Groundhog Day,234,8.0,Harold Ramis,1993,"Bill Murray, Andie MacDowell",/title/tt0107048/,"https://m.media-amazon.com/images/M/MV5BZWIxNzM5YzQtY2FmMS00Yjc3LWI1ZjUtNGVjMjMzZTIxZTIxXkEyXkFqcGdeQXVyNjU0OTQ0OTY@._V1_UY67_CR0,0,45,67_AL_.jpg"
Diabolique,235,8.0,Henri-Georges Clouzot,1955,"Simone Signoret, Véra Clouzot",/title/tt0046911/,"https://m.media-amazon.com/images/M/MV5BOTc1OGQzMjMtNTkxYy00OTBlLWJmZjMtYWQ4NzZjNDE1YjkxXkEyXkFqcGdeQXVyMDUyOTUyNQ@@._V1_UY67_CR2,0,45,67_AL_.jpg"
The Help,236,8.0,Tate Taylor,2011,"Emma Stone, Viola Davis",/title/tt1454029/,"https://m.media-amazon.com/images/M/MV5BMTM5OTMyMjIxOV5BMl5BanBnXkFtZTcwNzU4MjIwNQ@@._V1_UY67_CR0,0,45,67_AL_.jpg"
The Wizard of Oz,237,8.0,Victor Fleming,1939,"Judy Garland, Frank Morgan",/title/tt0032138/,"https://m.media-amazon.com/images/M/MV5BNjUyMTc4MDExMV5BMl5BanBnXkFtZTgwNDg0NDIwMjE@._V1_UX45_CR0,0,45,67_AL_.jpg"
Guardians of the Galaxy,238,8.0,James Gunn,2014,"Chris Pratt, Vin Diesel",/title/tt2015381/,"https://m.media-amazon.com/images/M/MV5BMTAwMjU5OTgxNjZeQTJeQWpwZ15BbWU4MDUxNDYxODEx._V1_UY67_CR0,0,45,67_AL_.jpg"
Jaws,239,8.0,Steven Spielberg,1975,"Roy Scheider, Robert Shaw",/title/tt0073195/,"https://m.media-amazon.com/images/M/MV5BMmVmODY1MzEtYTMwZC00MzNhLWFkNDMtZjAwM2EwODUxZTA5XkEyXkFqcGdeQXVyNTAyODkwOQ@@._V1_UX45_CR0,0,45,67_AL_.jpg"
Raise the Red Lantern,240,8.0,Yimou Zhang,1991,"Li Gong, Jingwu Ma",/title/tt0101640/,"https://m.media-amazon.com/images/M/MV5BYjNiMDAyOTUtNTg5Ny00NTE4LThlZmYtYmNlNjUwOTlmNWZhL2ltYWdlL2ltYWdlXkEyXkFqcGdeQXVyNjc1NTYyMjg@._V1_UX45_CR0,0,45,67_AL_.jpg"
Before Sunset,241,8.0,Richard Linklater,2004,"Ethan Hawke, Julie Delpy",/title/tt0381681/,"https://m.media-amazon.com/images/M/MV5BMTQ1MjAwNTM5Ml5BMl5BanBnXkFtZTYwNDM0MTc3._V1_UY67_CR0,0,45,67_AL_.jpg"
Castle in the Sky,242,8.0,Hayao Miyazaki,1986,"Anna Paquin, James Van Der Beek",/title/tt0092067/,"https://m.media-amazon.com/images/M/MV5BNTg0NmI1ZGQtZTUxNC00NTgxLThjMDUtZmRlYmEzM2MwOWYwXkEyXkFqcGdeQXVyMzM4MjM0Nzg@._V1_UY67_CR1,0,45,67_AL_.jpg"
Pirates of the Caribbean: The Curse of the Black Pearl,243,8.0,Gore Verbinski,2003,"Johnny Depp, Geoffrey Rush",/title/tt0325980/,"https://m.media-amazon.com/images/M/MV5BNGYyZGM5MGMtYTY2Ni00M2Y1LWIzNjQtYWUzM2VlNGVhMDNhXkEyXkFqcGdeQXVyMTMxODk2OTU@._V1_UX45_CR0,0,45,67_AL_.jpg"
"Paris, Texas",244,8.0,Wim Wenders,1984,"Harry Dean Stanton, Nastassja Kinski",/title/tt0087884/,"https://m.media-amazon.com/images/M/MV5BM2RjMmU3ZWItYzBlMy00ZmJkLWE5YzgtNTVkODdhOWM3NGZhXkEyXkFqcGdeQXVyNDA5Mjg5MjA@._V1_UX45_CR0,0,45,67_AL_.jpg"
Beauty and the Beast,245,8.0,Gary Trousdale,1991,"Paige O'Hara, Robby Benson",/title/tt0101414/,"https://m.media-amazon.com/images/M/MV5BMzE5MDM1NDktY2I0OC00YWI5LTk2NzUtYjczNDczOWQxYjM0XkEyXkFqcGdeQXVyMTQxNzMzNDI@._V1_UY67_CR0,0,45,67_AL_.jpg"
Akira,246,8.0,Katsuhiro Ôtomo,1988,"Mitsuo Iwata, Nozomu Sasaki",/title/tt0094625/,"https://m.media-amazon.com/images/M/MV5BM2ZiZTk1ODgtMTZkNS00NTYxLWIxZTUtNWExZGYwZTRjODViXkEyXkFqcGdeQXVyMTE2MzA3MDM@._V1_UY67_CR0,0,45,67_AL_.jpg"
The Exorcist,247,8.0,William Friedkin,1973,"Ellen Burstyn, Max von Sydow",/title/tt0070047/,"https://m.media-amazon.com/images/M/MV5BYjhmMGMxZDYtMTkyNy00YWVmLTgyYmUtYTU3ZjcwNTBjN2I1XkEyXkFqcGdeQXVyNzkwMjQ5NzM@._V1_UX45_CR0,0,45,67_AL_.jpg"
Dog Day Afternoon,248,8.0,Sidney Lumet,1975,"Al Pacino, John Cazale",/title/tt0072890/,"https://m.media-amazon.com/images/M/MV5BMzljMjBhODItYTYyYi00NzMwLTkyZDQtNjQ4MWU0MzhmNDU4XkEyXkFqcGdeQXVyMTA0MjU0Ng@@._V1_UX45_CR0,0,45,67_AL_.jpg"
Song of the Sea,249,8.0,Tomm Moore,2014,"David Rawle, Brendan Gleeson",/title/tt1865505/,"https://m.media-amazon.com/images/M/MV5BMTQ2MDMwNjEwNV5BMl5BanBnXkFtZTgwOTkxMzI0MzE@._V1_UY67_CR0,0,45,67_AL_.jpg"
Three Colors: Red,250,8.0,Krzysztof Kieslowski,1994,"Irène Jacob, Jean-Louis Trintignant",/title/tt0111495/,"https://m.media-amazon.com/images/M/MV5BYTg1MmNiMjItMmY4Yy00ZDQ3LThjMzYtZGQ0ZTQzNTdkMGQ1L2ltYWdlL2ltYWdlXkEyXkFqcGdeQXVyMTQxNzMzNDI@._V1_UX45_CR0,0,45,67_AL_.jpg"
